id,prefecture_name,ward_city_name,prefecture_name_kana,ward_city_name_kana,prefecture_id,ward_city_id
11002,北海道,札幌市,ﾎｯｶｲﾄﾞｳ,ｻｯﾎﾟﾛｼ,1,100
12025,北海道,函館市,ﾎｯｶｲﾄﾞｳ,ﾊｺﾀﾞﾃｼ,1,202
12033,北海道,小樽市,ﾎｯｶｲﾄﾞｳ,ｵﾀﾙｼ,1,203
12041,北海道,旭川市,ﾎｯｶｲﾄﾞｳ,ｱｻﾋｶﾜｼ,1,204
12050,北海道,室蘭市,ﾎｯｶｲﾄﾞｳ,ﾑﾛﾗﾝｼ,1,205
12068,北海道,釧路市,ﾎｯｶｲﾄﾞｳ,ｸｼﾛｼ,1,206
12076,北海道,帯広市,ﾎｯｶｲﾄﾞｳ,ｵﾋﾞﾋﾛｼ,1,207
12084,北海道,北見市,ﾎｯｶｲﾄﾞｳ,ｷﾀﾐｼ,1,208
12092,北海道,夕張市,ﾎｯｶｲﾄﾞｳ,ﾕｳﾊﾞﾘｼ,1,209
12106,北海道,岩見沢市,ﾎｯｶｲﾄﾞｳ,ｲﾜﾐｻﾞﾜｼ,1,210
12114,北海道,網走市,ﾎｯｶｲﾄﾞｳ,ｱﾊﾞｼﾘｼ,1,211
12122,北海道,留萌市,ﾎｯｶｲﾄﾞｳ,ﾙﾓｲｼ,1,212
12131,北海道,苫小牧市,ﾎｯｶｲﾄﾞｳ,ﾄﾏｺﾏｲｼ,1,213
12149,北海道,稚内市,ﾎｯｶｲﾄﾞｳ,ﾜｯｶﾅｲｼ,1,214
12157,北海道,美唄市,ﾎｯｶｲﾄﾞｳ,ﾋﾞﾊﾞｲｼ,1,215
12165,北海道,芦別市,ﾎｯｶｲﾄﾞｳ,ｱｼﾍﾞﾂｼ,1,216
12173,北海道,江別市,ﾎｯｶｲﾄﾞｳ,ｴﾍﾞﾂｼ,1,217
12181,北海道,赤平市,ﾎｯｶｲﾄﾞｳ,ｱｶﾋﾞﾗｼ,1,218
12190,北海道,紋別市,ﾎｯｶｲﾄﾞｳ,ﾓﾝﾍﾞﾂｼ,1,219
12203,北海道,士別市,ﾎｯｶｲﾄﾞｳ,ｼﾍﾞﾂｼ,1,220
12211,北海道,名寄市,ﾎｯｶｲﾄﾞｳ,ﾅﾖﾛｼ,1,221
12220,北海道,三笠市,ﾎｯｶｲﾄﾞｳ,ﾐｶｻｼ,1,222
12238,北海道,根室市,ﾎｯｶｲﾄﾞｳ,ﾈﾑﾛｼ,1,223
12246,北海道,千歳市,ﾎｯｶｲﾄﾞｳ,ﾁﾄｾｼ,1,224
12254,北海道,滝川市,ﾎｯｶｲﾄﾞｳ,ﾀｷｶﾜｼ,1,225
12262,北海道,砂川市,ﾎｯｶｲﾄﾞｳ,ｽﾅｶﾞﾜｼ,1,226
12271,北海道,歌志内市,ﾎｯｶｲﾄﾞｳ,ｳﾀｼﾅｲｼ,1,227
12289,北海道,深川市,ﾎｯｶｲﾄﾞｳ,ﾌｶｶﾞﾜｼ,1,228
12297,北海道,富良野市,ﾎｯｶｲﾄﾞｳ,ﾌﾗﾉｼ,1,229
12301,北海道,登別市,ﾎｯｶｲﾄﾞｳ,ﾉﾎﾞﾘﾍﾞﾂｼ,1,230
12319,北海道,恵庭市,ﾎｯｶｲﾄﾞｳ,ｴﾆﾜｼ,1,231
12335,北海道,伊達市,ﾎｯｶｲﾄﾞｳ,ﾀﾞﾃｼ,1,233
12343,北海道,北広島市,ﾎｯｶｲﾄﾞｳ,ｷﾀﾋﾛｼﾏｼ,1,234
12351,北海道,石狩市,ﾎｯｶｲﾄﾞｳ,ｲｼｶﾘｼ,1,235
12360,北海道,北斗市,ﾎｯｶｲﾄﾞｳ,ﾎｸﾄｼ,1,236
13030,北海道,当別町,ﾎｯｶｲﾄﾞｳ,ﾄｳﾍﾞﾂﾁｮｳ,1,303
13048,北海道,新篠津村,ﾎｯｶｲﾄﾞｳ,ｼﾝｼﾉﾂﾑﾗ,1,304
13315,北海道,松前町,ﾎｯｶｲﾄﾞｳ,ﾏﾂﾏｴﾁｮｳ,1,331
13323,北海道,福島町,ﾎｯｶｲﾄﾞｳ,ﾌｸｼﾏﾁｮｳ,1,332
13331,北海道,知内町,ﾎｯｶｲﾄﾞｳ,ｼﾘｳﾁﾁｮｳ,1,333
13340,北海道,木古内町,ﾎｯｶｲﾄﾞｳ,ｷｺﾅｲﾁｮｳ,1,334
13374,北海道,七飯町,ﾎｯｶｲﾄﾞｳ,ﾅﾅｴﾁｮｳ,1,337
13439,北海道,鹿部町,ﾎｯｶｲﾄﾞｳ,ｼｶﾍﾞﾁｮｳ,1,343
13455,北海道,森町,ﾎｯｶｲﾄﾞｳ,ﾓﾘﾏﾁ,1,345
13463,北海道,八雲町,ﾎｯｶｲﾄﾞｳ,ﾔｸﾓﾁｮｳ,1,346
13471,北海道,長万部町,ﾎｯｶｲﾄﾞｳ,ｵｼｬﾏﾝﾍﾞﾁｮｳ,1,347
13617,北海道,江差町,ﾎｯｶｲﾄﾞｳ,ｴｻｼﾁｮｳ,1,361
13625,北海道,上ノ国町,ﾎｯｶｲﾄﾞｳ,ｶﾐﾉｸﾆﾁｮｳ,1,362
13633,北海道,厚沢部町,ﾎｯｶｲﾄﾞｳ,ｱｯｻﾌﾞﾁｮｳ,1,363
13641,北海道,乙部町,ﾎｯｶｲﾄﾞｳ,ｵﾄﾍﾞﾁｮｳ,1,364
13676,北海道,奥尻町,ﾎｯｶｲﾄﾞｳ,ｵｸｼﾘﾁｮｳ,1,367
13706,北海道,今金町,ﾎｯｶｲﾄﾞｳ,ｲﾏｶﾈﾁｮｳ,1,370
13714,北海道,せたな町,ﾎｯｶｲﾄﾞｳ,ｾﾀﾅﾁｮｳ,1,371
13919,北海道,島牧村,ﾎｯｶｲﾄﾞｳ,ｼﾏﾏｷﾑﾗ,1,391
13927,北海道,寿都町,ﾎｯｶｲﾄﾞｳ,ｽｯﾂﾁｮｳ,1,392
13935,北海道,黒松内町,ﾎｯｶｲﾄﾞｳ,ｸﾛﾏﾂﾅｲﾁｮｳ,1,393
13943,北海道,蘭越町,ﾎｯｶｲﾄﾞｳ,ﾗﾝｺｼﾁｮｳ,1,394
13951,北海道,ニセコ町,ﾎｯｶｲﾄﾞｳ,ﾆｾｺﾁｮｳ,1,395
13960,北海道,真狩村,ﾎｯｶｲﾄﾞｳ,ﾏｯｶﾘﾑﾗ,1,396
13978,北海道,留寿都村,ﾎｯｶｲﾄﾞｳ,ﾙｽﾂﾑﾗ,1,397
13986,北海道,喜茂別町,ﾎｯｶｲﾄﾞｳ,ｷﾓﾍﾞﾂﾁｮｳ,1,398
13994,北海道,京極町,ﾎｯｶｲﾄﾞｳ,ｷｮｳｺﾞｸﾁｮｳ,1,399
14001,北海道,倶知安町,ﾎｯｶｲﾄﾞｳ,ｸｯﾁｬﾝﾁｮｳ,1,400
14010,北海道,共和町,ﾎｯｶｲﾄﾞｳ,ｷｮｳﾜﾁｮｳ,1,401
14028,北海道,岩内町,ﾎｯｶｲﾄﾞｳ,ｲﾜﾅｲﾁｮｳ,1,402
14036,北海道,泊村,ﾎｯｶｲﾄﾞｳ,ﾄﾏﾘﾑﾗ,1,403
14044,北海道,神恵内村,ﾎｯｶｲﾄﾞｳ,ｶﾓｴﾅｲﾑﾗ,1,404
14052,北海道,積丹町,ﾎｯｶｲﾄﾞｳ,ｼｬｺﾀﾝﾁｮｳ,1,405
14061,北海道,古平町,ﾎｯｶｲﾄﾞｳ,ﾌﾙﾋﾞﾗﾁｮｳ,1,406
14079,北海道,仁木町,ﾎｯｶｲﾄﾞｳ,ﾆｷﾁｮｳ,1,407
14087,北海道,余市町,ﾎｯｶｲﾄﾞｳ,ﾖｲﾁﾁｮｳ,1,408
14095,北海道,赤井川村,ﾎｯｶｲﾄﾞｳ,ｱｶｲｶﾞﾜﾑﾗ,1,409
14231,北海道,南幌町,ﾎｯｶｲﾄﾞｳ,ﾅﾝﾎﾟﾛﾁｮｳ,1,423
14249,北海道,奈井江町,ﾎｯｶｲﾄﾞｳ,ﾅｲｴﾁｮｳ,1,424
14257,北海道,上砂川町,ﾎｯｶｲﾄﾞｳ,ｶﾐｽﾅｶﾞﾜﾁｮｳ,1,425
14273,北海道,由仁町,ﾎｯｶｲﾄﾞｳ,ﾕﾆﾁｮｳ,1,427
14281,北海道,長沼町,ﾎｯｶｲﾄﾞｳ,ﾅｶﾞﾇﾏﾁｮｳ,1,428
14290,北海道,栗山町,ﾎｯｶｲﾄﾞｳ,ｸﾘﾔﾏﾁｮｳ,1,429
14303,北海道,月形町,ﾎｯｶｲﾄﾞｳ,ﾂｷｶﾞﾀﾁｮｳ,1,430
14311,北海道,浦臼町,ﾎｯｶｲﾄﾞｳ,ｳﾗｳｽﾁｮｳ,1,431
14320,北海道,新十津川町,ﾎｯｶｲﾄﾞｳ,ｼﾝﾄﾂｶﾜﾁｮｳ,1,432
14338,北海道,妹背牛町,ﾎｯｶｲﾄﾞｳ,ﾓｾｳｼﾁｮｳ,1,433
14346,北海道,秩父別町,ﾎｯｶｲﾄﾞｳ,ﾁｯﾌﾟﾍﾞﾂﾁｮｳ,1,434
14362,北海道,雨竜町,ﾎｯｶｲﾄﾞｳ,ｳﾘｭｳﾁｮｳ,1,436
14371,北海道,北竜町,ﾎｯｶｲﾄﾞｳ,ﾎｸﾘｭｳﾁｮｳ,1,437
14389,北海道,沼田町,ﾎｯｶｲﾄﾞｳ,ﾇﾏﾀﾁｮｳ,1,438
14524,北海道,鷹栖町,ﾎｯｶｲﾄﾞｳ,ﾀｶｽﾁｮｳ,1,452
14532,北海道,東神楽町,ﾎｯｶｲﾄﾞｳ,ﾋｶﾞｼｶｸﾞﾗﾁｮｳ,1,453
14541,北海道,当麻町,ﾎｯｶｲﾄﾞｳ,ﾄｳﾏﾁｮｳ,1,454
14559,北海道,比布町,ﾎｯｶｲﾄﾞｳ,ﾋﾟｯﾌﾟﾁｮｳ,1,455
14567,北海道,愛別町,ﾎｯｶｲﾄﾞｳ,ｱｲﾍﾞﾂﾁｮｳ,1,456
14575,北海道,上川町,ﾎｯｶｲﾄﾞｳ,ｶﾐｶﾜﾁｮｳ,1,457
14583,北海道,東川町,ﾎｯｶｲﾄﾞｳ,ﾋｶﾞｼｶﾜﾁｮｳ,1,458
14591,北海道,美瑛町,ﾎｯｶｲﾄﾞｳ,ﾋﾞｴｲﾁｮｳ,1,459
14605,北海道,上富良野町,ﾎｯｶｲﾄﾞｳ,ｶﾐﾌﾗﾉﾁｮｳ,1,460
14613,北海道,中富良野町,ﾎｯｶｲﾄﾞｳ,ﾅｶﾌﾗﾉﾁｮｳ,1,461
14621,北海道,南富良野町,ﾎｯｶｲﾄﾞｳ,ﾐﾅﾐﾌﾗﾉﾁｮｳ,1,462
14630,北海道,占冠村,ﾎｯｶｲﾄﾞｳ,ｼﾑｶｯﾌﾟﾑﾗ,1,463
14648,北海道,和寒町,ﾎｯｶｲﾄﾞｳ,ﾜｯｻﾑﾁｮｳ,1,464
14656,北海道,剣淵町,ﾎｯｶｲﾄﾞｳ,ｹﾝﾌﾞﾁﾁｮｳ,1,465
14681,北海道,下川町,ﾎｯｶｲﾄﾞｳ,ｼﾓｶﾜﾁｮｳ,1,468
14699,北海道,美深町,ﾎｯｶｲﾄﾞｳ,ﾋﾞﾌｶﾁｮｳ,1,469
14702,北海道,音威子府村,ﾎｯｶｲﾄﾞｳ,ｵﾄｲﾈｯﾌﾟﾑﾗ,1,470
14711,北海道,中川町,ﾎｯｶｲﾄﾞｳ,ﾅｶｶﾞﾜﾁｮｳ,1,471
14729,北海道,幌加内町,ﾎｯｶｲﾄﾞｳ,ﾎﾛｶﾅｲﾁｮｳ,1,472
14818,北海道,増毛町,ﾎｯｶｲﾄﾞｳ,ﾏｼｹﾁｮｳ,1,481
14826,北海道,小平町,ﾎｯｶｲﾄﾞｳ,ｵﾋﾞﾗﾁｮｳ,1,482
14834,北海道,苫前町,ﾎｯｶｲﾄﾞｳ,ﾄﾏﾏｴﾁｮｳ,1,483
14842,北海道,羽幌町,ﾎｯｶｲﾄﾞｳ,ﾊﾎﾞﾛﾁｮｳ,1,484
14851,北海道,初山別村,ﾎｯｶｲﾄﾞｳ,ｼｮｻﾝﾍﾞﾂﾑﾗ,1,485
14869,北海道,遠別町,ﾎｯｶｲﾄﾞｳ,ｴﾝﾍﾞﾂﾁｮｳ,1,486
14877,北海道,天塩町,ﾎｯｶｲﾄﾞｳ,ﾃｼｵﾁｮｳ,1,487
15113,北海道,猿払村,ﾎｯｶｲﾄﾞｳ,ｻﾙﾌﾂﾑﾗ,1,511
15121,北海道,浜頓別町,ﾎｯｶｲﾄﾞｳ,ﾊﾏﾄﾝﾍﾞﾂﾁｮｳ,1,512
15130,北海道,中頓別町,ﾎｯｶｲﾄﾞｳ,ﾅｶﾄﾝﾍﾞﾂﾁｮｳ,1,513
15148,北海道,枝幸町,ﾎｯｶｲﾄﾞｳ,ｴｻｼﾁｮｳ,1,514
15164,北海道,豊富町,ﾎｯｶｲﾄﾞｳ,ﾄﾖﾄﾐﾁｮｳ,1,516
15172,北海道,礼文町,ﾎｯｶｲﾄﾞｳ,ﾚﾌﾞﾝﾁｮｳ,1,517
15181,北海道,利尻町,ﾎｯｶｲﾄﾞｳ,ﾘｼﾘﾁｮｳ,1,518
15199,北海道,利尻富士町,ﾎｯｶｲﾄﾞｳ,ﾘｼﾘﾌｼﾞﾁｮｳ,1,519
15202,北海道,幌延町,ﾎｯｶｲﾄﾞｳ,ﾎﾛﾉﾍﾞﾁｮｳ,1,520
15431,北海道,美幌町,ﾎｯｶｲﾄﾞｳ,ﾋﾞﾎﾛﾁｮｳ,1,543
15440,北海道,津別町,ﾎｯｶｲﾄﾞｳ,ﾂﾍﾞﾂﾁｮｳ,1,544
15458,北海道,斜里町,ﾎｯｶｲﾄﾞｳ,ｼｬﾘﾁｮｳ,1,545
15466,北海道,清里町,ﾎｯｶｲﾄﾞｳ,ｷﾖｻﾄﾁｮｳ,1,546
15474,北海道,小清水町,ﾎｯｶｲﾄﾞｳ,ｺｼﾐｽﾞﾁｮｳ,1,547
15491,北海道,訓子府町,ﾎｯｶｲﾄﾞｳ,ｸﾝﾈｯﾌﾟﾁｮｳ,1,549
15504,北海道,置戸町,ﾎｯｶｲﾄﾞｳ,ｵｹﾄﾁｮｳ,1,550
15521,北海道,佐呂間町,ﾎｯｶｲﾄﾞｳ,ｻﾛﾏﾁｮｳ,1,552
15555,北海道,遠軽町,ﾎｯｶｲﾄﾞｳ,ｴﾝｶﾞﾙﾁｮｳ,1,555
15598,北海道,湧別町,ﾎｯｶｲﾄﾞｳ,ﾕｳﾍﾞﾂﾁｮｳ,1,559
15601,北海道,滝上町,ﾎｯｶｲﾄﾞｳ,ﾀｷﾉｳｴﾁｮｳ,1,560
15610,北海道,興部町,ﾎｯｶｲﾄﾞｳ,ｵｺｯﾍﾟﾁｮｳ,1,561
15628,北海道,西興部村,ﾎｯｶｲﾄﾞｳ,ﾆｼｵｺｯﾍﾟﾑﾗ,1,562
15636,北海道,雄武町,ﾎｯｶｲﾄﾞｳ,ｵｳﾑﾁｮｳ,1,563
15644,北海道,大空町,ﾎｯｶｲﾄﾞｳ,ｵｵｿﾞﾗﾁｮｳ,1,564
15717,北海道,豊浦町,ﾎｯｶｲﾄﾞｳ,ﾄﾖｳﾗﾁｮｳ,1,571
15750,北海道,壮瞥町,ﾎｯｶｲﾄﾞｳ,ｿｳﾍﾞﾂﾁｮｳ,1,575
15784,北海道,白老町,ﾎｯｶｲﾄﾞｳ,ｼﾗｵｲﾁｮｳ,1,578
15814,北海道,厚真町,ﾎｯｶｲﾄﾞｳ,ｱﾂﾏﾁｮｳ,1,581
15849,北海道,洞爺湖町,ﾎｯｶｲﾄﾞｳ,ﾄｳﾔｺﾁｮｳ,1,584
15857,北海道,安平町,ﾎｯｶｲﾄﾞｳ,ｱﾋﾞﾗﾁｮｳ,1,585
15865,北海道,むかわ町,ﾎｯｶｲﾄﾞｳ,ﾑｶﾜﾁｮｳ,1,586
16012,北海道,日高町,ﾎｯｶｲﾄﾞｳ,ﾋﾀﾞｶﾁｮｳ,1,601
16021,北海道,平取町,ﾎｯｶｲﾄﾞｳ,ﾋﾞﾗﾄﾘﾁｮｳ,1,602
16047,北海道,新冠町,ﾎｯｶｲﾄﾞｳ,ﾆｲｶｯﾌﾟﾁｮｳ,1,604
16071,北海道,浦河町,ﾎｯｶｲﾄﾞｳ,ｳﾗｶﾜﾁｮｳ,1,607
16080,北海道,様似町,ﾎｯｶｲﾄﾞｳ,ｻﾏﾆﾁｮｳ,1,608
16098,北海道,えりも町,ﾎｯｶｲﾄﾞｳ,ｴﾘﾓﾁｮｳ,1,609
16101,北海道,新ひだか町,ﾎｯｶｲﾄﾞｳ,ｼﾝﾋﾀﾞｶﾁｮｳ,1,610
16314,北海道,音更町,ﾎｯｶｲﾄﾞｳ,ｵﾄﾌｹﾁｮｳ,1,631
16322,北海道,士幌町,ﾎｯｶｲﾄﾞｳ,ｼﾎﾛﾁｮｳ,1,632
16331,北海道,上士幌町,ﾎｯｶｲﾄﾞｳ,ｶﾐｼﾎﾛﾁｮｳ,1,633
16349,北海道,鹿追町,ﾎｯｶｲﾄﾞｳ,ｼｶｵｲﾁｮｳ,1,634
16357,北海道,新得町,ﾎｯｶｲﾄﾞｳ,ｼﾝﾄｸﾁｮｳ,1,635
16365,北海道,清水町,ﾎｯｶｲﾄﾞｳ,ｼﾐｽﾞﾁｮｳ,1,636
16373,北海道,芽室町,ﾎｯｶｲﾄﾞｳ,ﾒﾑﾛﾁｮｳ,1,637
16381,北海道,中札内村,ﾎｯｶｲﾄﾞｳ,ﾅｶｻﾂﾅｲﾑﾗ,1,638
16390,北海道,更別村,ﾎｯｶｲﾄﾞｳ,ｻﾗﾍﾞﾂﾑﾗ,1,639
16411,北海道,大樹町,ﾎｯｶｲﾄﾞｳ,ﾀｲｷﾁｮｳ,1,641
16420,北海道,広尾町,ﾎｯｶｲﾄﾞｳ,ﾋﾛｵﾁｮｳ,1,642
16438,北海道,幕別町,ﾎｯｶｲﾄﾞｳ,ﾏｸﾍﾞﾂﾁｮｳ,1,643
16446,北海道,池田町,ﾎｯｶｲﾄﾞｳ,ｲｹﾀﾞﾁｮｳ,1,644
16454,北海道,豊頃町,ﾎｯｶｲﾄﾞｳ,ﾄﾖｺﾛﾁｮｳ,1,645
16462,北海道,本別町,ﾎｯｶｲﾄﾞｳ,ﾎﾝﾍﾞﾂﾁｮｳ,1,646
16471,北海道,足寄町,ﾎｯｶｲﾄﾞｳ,ｱｼｮﾛﾁｮｳ,1,647
16489,北海道,陸別町,ﾎｯｶｲﾄﾞｳ,ﾘｸﾍﾞﾂﾁｮｳ,1,648
16497,北海道,浦幌町,ﾎｯｶｲﾄﾞｳ,ｳﾗﾎﾛﾁｮｳ,1,649
16616,北海道,釧路町,ﾎｯｶｲﾄﾞｳ,ｸｼﾛﾁｮｳ,1,661
16624,北海道,厚岸町,ﾎｯｶｲﾄﾞｳ,ｱｯｹｼﾁｮｳ,1,662
16632,北海道,浜中町,ﾎｯｶｲﾄﾞｳ,ﾊﾏﾅｶﾁｮｳ,1,663
16641,北海道,標茶町,ﾎｯｶｲﾄﾞｳ,ｼﾍﾞﾁｬﾁｮｳ,1,664
16659,北海道,弟子屈町,ﾎｯｶｲﾄﾞｳ,ﾃｼｶｶﾞﾁｮｳ,1,665
16675,北海道,鶴居村,ﾎｯｶｲﾄﾞｳ,ﾂﾙｲﾑﾗ,1,667
16683,北海道,白糠町,ﾎｯｶｲﾄﾞｳ,ｼﾗﾇｶﾁｮｳ,1,668
16918,北海道,別海町,ﾎｯｶｲﾄﾞｳ,ﾍﾞﾂｶｲﾁｮｳ,1,691
16926,北海道,中標津町,ﾎｯｶｲﾄﾞｳ,ﾅｶｼﾍﾞﾂﾁｮｳ,1,692
16934,北海道,標津町,ﾎｯｶｲﾄﾞｳ,ｼﾍﾞﾂﾁｮｳ,1,693
16942,北海道,羅臼町,ﾎｯｶｲﾄﾞｳ,ﾗｳｽﾁｮｳ,1,694
22012,青森県,青森市,ｱｵﾓﾘｹﾝ,ｱｵﾓﾘｼ,2,201
22021,青森県,弘前市,ｱｵﾓﾘｹﾝ,ﾋﾛｻｷｼ,2,202
22039,青森県,八戸市,ｱｵﾓﾘｹﾝ,ﾊﾁﾉﾍｼ,2,203
22047,青森県,黒石市,ｱｵﾓﾘｹﾝ,ｸﾛｲｼｼ,2,204
22055,青森県,五所川原市,ｱｵﾓﾘｹﾝ,ｺﾞｼｮｶﾞﾜﾗｼ,2,205
22063,青森県,十和田市,ｱｵﾓﾘｹﾝ,ﾄﾜﾀﾞｼ,2,206
22071,青森県,三沢市,ｱｵﾓﾘｹﾝ,ﾐｻﾜｼ,2,207
22080,青森県,むつ市,ｱｵﾓﾘｹﾝ,ﾑﾂｼ,2,208
22098,青森県,つがる市,ｱｵﾓﾘｹﾝ,ﾂｶﾞﾙｼ,2,209
22101,青森県,平川市,ｱｵﾓﾘｹﾝ,ﾋﾗｶﾜｼ,2,210
23019,青森県,平内町,ｱｵﾓﾘｹﾝ,ﾋﾗﾅｲﾏﾁ,2,301
23035,青森県,今別町,ｱｵﾓﾘｹﾝ,ｲﾏﾍﾞﾂﾏﾁ,2,303
23043,青森県,蓬田村,ｱｵﾓﾘｹﾝ,ﾖﾓｷﾞﾀﾑﾗ,2,304
23078,青森県,外ヶ浜町,ｱｵﾓﾘｹﾝ,ｿﾄｶﾞﾊﾏﾏﾁ,2,307
23213,青森県,鰺ヶ沢町,ｱｵﾓﾘｹﾝ,ｱｼﾞｶﾞｻﾜﾏﾁ,2,321
23230,青森県,深浦町,ｱｵﾓﾘｹﾝ,ﾌｶｳﾗﾏﾁ,2,323
23434,青森県,西目屋村,ｱｵﾓﾘｹﾝ,ﾆｼﾒﾔﾑﾗ,2,343
23612,青森県,藤崎町,ｱｵﾓﾘｹﾝ,ﾌｼﾞｻｷﾏﾁ,2,361
23621,青森県,大鰐町,ｱｵﾓﾘｹﾝ,ｵｵﾜﾆﾏﾁ,2,362
23671,青森県,田舎館村,ｱｵﾓﾘｹﾝ,ｲﾅｶﾀﾞﾃﾑﾗ,2,367
23817,青森県,板柳町,ｱｵﾓﾘｹﾝ,ｲﾀﾔﾅｷﾞﾏﾁ,2,381
23841,青森県,鶴田町,ｱｵﾓﾘｹﾝ,ﾂﾙﾀﾏﾁ,2,384
23876,青森県,中泊町,ｱｵﾓﾘｹﾝ,ﾅｶﾄﾞﾏﾘﾏﾁ,2,387
24015,青森県,野辺地町,ｱｵﾓﾘｹﾝ,ﾉﾍｼﾞﾏﾁ,2,401
24023,青森県,七戸町,ｱｵﾓﾘｹﾝ,ｼﾁﾉﾍﾏﾁ,2,402
24058,青森県,六戸町,ｱｵﾓﾘｹﾝ,ﾛｸﾉﾍﾏﾁ,2,405
24066,青森県,横浜町,ｱｵﾓﾘｹﾝ,ﾖｺﾊﾏﾏﾁ,2,406
24082,青森県,東北町,ｱｵﾓﾘｹﾝ,ﾄｳﾎｸﾏﾁ,2,408
24112,青森県,六ヶ所村,ｱｵﾓﾘｹﾝ,ﾛｯｶｼｮﾑﾗ,2,411
24121,青森県,おいらせ町,ｱｵﾓﾘｹﾝ,ｵｲﾗｾﾁｮｳ,2,412
24236,青森県,大間町,ｱｵﾓﾘｹﾝ,ｵｵﾏﾏﾁ,2,423
24244,青森県,東通村,ｱｵﾓﾘｹﾝ,ﾋｶﾞｼﾄﾞｵﾘﾑﾗ,2,424
24252,青森県,風間浦村,ｱｵﾓﾘｹﾝ,ｶｻﾞﾏｳﾗﾑﾗ,2,425
24261,青森県,佐井村,ｱｵﾓﾘｹﾝ,ｻｲﾑﾗ,2,426
24414,青森県,三戸町,ｱｵﾓﾘｹﾝ,ｻﾝﾉﾍﾏﾁ,2,441
24422,青森県,五戸町,ｱｵﾓﾘｹﾝ,ｺﾞﾉﾍﾏﾁ,2,442
24431,青森県,田子町,ｱｵﾓﾘｹﾝ,ﾀｯｺﾏﾁ,2,443
24457,青森県,南部町,ｱｵﾓﾘｹﾝ,ﾅﾝﾌﾞﾁｮｳ,2,445
24465,青森県,階上町,ｱｵﾓﾘｹﾝ,ﾊｼｶﾐﾁｮｳ,2,446
24503,青森県,新郷村,ｱｵﾓﾘｹﾝ,ｼﾝｺﾞｳﾑﾗ,2,450
32018,岩手県,盛岡市,ｲﾜﾃｹﾝ,ﾓﾘｵｶｼ,3,201
32026,岩手県,宮古市,ｲﾜﾃｹﾝ,ﾐﾔｺｼ,3,202
32034,岩手県,大船渡市,ｲﾜﾃｹﾝ,ｵｵﾌﾅﾄｼ,3,203
32051,岩手県,花巻市,ｲﾜﾃｹﾝ,ﾊﾅﾏｷｼ,3,205
32069,岩手県,北上市,ｲﾜﾃｹﾝ,ｷﾀｶﾐｼ,3,206
32077,岩手県,久慈市,ｲﾜﾃｹﾝ,ｸｼﾞｼ,3,207
32085,岩手県,遠野市,ｲﾜﾃｹﾝ,ﾄｵﾉｼ,3,208
32093,岩手県,一関市,ｲﾜﾃｹﾝ,ｲﾁﾉｾｷｼ,3,209
32107,岩手県,陸前高田市,ｲﾜﾃｹﾝ,ﾘｸｾﾞﾝﾀｶﾀｼ,3,210
32115,岩手県,釜石市,ｲﾜﾃｹﾝ,ｶﾏｲｼｼ,3,211
32131,岩手県,二戸市,ｲﾜﾃｹﾝ,ﾆﾉﾍｼ,3,213
32140,岩手県,八幡平市,ｲﾜﾃｹﾝ,ﾊﾁﾏﾝﾀｲｼ,3,214
32158,岩手県,奥州市,ｲﾜﾃｹﾝ,ｵｳｼｭｳｼ,3,215
32166,岩手県,滝沢市,ｲﾜﾃｹﾝ,ﾀｷｻﾞﾜｼ,3,216
33014,岩手県,雫石町,ｲﾜﾃｹﾝ,ｼｽﾞｸｲｼﾁｮｳ,3,301
33022,岩手県,葛巻町,ｲﾜﾃｹﾝ,ｸｽﾞﾏｷﾏﾁ,3,302
33031,岩手県,岩手町,ｲﾜﾃｹﾝ,ｲﾜﾃﾏﾁ,3,303
33219,岩手県,紫波町,ｲﾜﾃｹﾝ,ｼﾜﾁｮｳ,3,321
33227,岩手県,矢巾町,ｲﾜﾃｹﾝ,ﾔﾊﾊﾞﾁｮｳ,3,322
33669,岩手県,西和賀町,ｲﾜﾃｹﾝ,ﾆｼﾜｶﾞﾏﾁ,3,366
33812,岩手県,金ケ崎町,ｲﾜﾃｹﾝ,ｶﾈｶﾞｻｷﾁｮｳ,3,381
34029,岩手県,平泉町,ｲﾜﾃｹﾝ,ﾋﾗｲｽﾞﾐﾁｮｳ,3,402
34410,岩手県,住田町,ｲﾜﾃｹﾝ,ｽﾐﾀﾁｮｳ,3,441
34614,岩手県,大槌町,ｲﾜﾃｹﾝ,ｵｵﾂﾁﾁｮｳ,3,461
34827,岩手県,山田町,ｲﾜﾃｹﾝ,ﾔﾏﾀﾞﾏﾁ,3,482
34835,岩手県,岩泉町,ｲﾜﾃｹﾝ,ｲﾜｲｽﾞﾐﾁｮｳ,3,483
34843,岩手県,田野畑村,ｲﾜﾃｹﾝ,ﾀﾉﾊﾀﾑﾗ,3,484
34851,岩手県,普代村,ｲﾜﾃｹﾝ,ﾌﾀﾞｲﾑﾗ,3,485
35017,岩手県,軽米町,ｲﾜﾃｹﾝ,ｶﾙﾏｲﾏﾁ,3,501
35033,岩手県,野田村,ｲﾜﾃｹﾝ,ﾉﾀﾞﾑﾗ,3,503
35068,岩手県,九戸村,ｲﾜﾃｹﾝ,ｸﾉﾍﾑﾗ,3,506
35076,岩手県,洋野町,ｲﾜﾃｹﾝ,ﾋﾛﾉﾁｮｳ,3,507
35246,岩手県,一戸町,ｲﾜﾃｹﾝ,ｲﾁﾉﾍﾏﾁ,3,524
41009,宮城県,仙台市,ﾐﾔｷﾞｹﾝ,ｾﾝﾀﾞｲｼ,4,100
42021,宮城県,石巻市,ﾐﾔｷﾞｹﾝ,ｲｼﾉﾏｷｼ,4,202
42030,宮城県,塩竈市,ﾐﾔｷﾞｹﾝ,ｼｵｶﾞﾏｼ,4,203
42056,宮城県,気仙沼市,ﾐﾔｷﾞｹﾝ,ｹｾﾝﾇﾏｼ,4,205
42064,宮城県,白石市,ﾐﾔｷﾞｹﾝ,ｼﾛｲｼｼ,4,206
42072,宮城県,名取市,ﾐﾔｷﾞｹﾝ,ﾅﾄﾘｼ,4,207
42081,宮城県,角田市,ﾐﾔｷﾞｹﾝ,ｶｸﾀﾞｼ,4,208
42099,宮城県,多賀城市,ﾐﾔｷﾞｹﾝ,ﾀｶﾞｼﾞｮｳｼ,4,209
42111,宮城県,岩沼市,ﾐﾔｷﾞｹﾝ,ｲﾜﾇﾏｼ,4,211
42129,宮城県,登米市,ﾐﾔｷﾞｹﾝ,ﾄﾒｼ,4,212
42137,宮城県,栗原市,ﾐﾔｷﾞｹﾝ,ｸﾘﾊﾗｼ,4,213
42145,宮城県,東松島市,ﾐﾔｷﾞｹﾝ,ﾋｶﾞｼﾏﾂｼﾏｼ,4,214
42153,宮城県,大崎市,ﾐﾔｷﾞｹﾝ,ｵｵｻｷｼ,4,215
42161,宮城県,富谷市,ﾐﾔｷﾞｹﾝ,ﾄﾐﾔｼ,4,216
43010,宮城県,蔵王町,ﾐﾔｷﾞｹﾝ,ｻﾞｵｳﾏﾁ,4,301
43028,宮城県,七ヶ宿町,ﾐﾔｷﾞｹﾝ,ｼﾁｶｼｭｸﾏﾁ,4,302
43214,宮城県,大河原町,ﾐﾔｷﾞｹﾝ,ｵｵｶﾞﾜﾗﾏﾁ,4,321
43222,宮城県,村田町,ﾐﾔｷﾞｹﾝ,ﾑﾗﾀﾏﾁ,4,322
43231,宮城県,柴田町,ﾐﾔｷﾞｹﾝ,ｼﾊﾞﾀﾏﾁ,4,323
43249,宮城県,川崎町,ﾐﾔｷﾞｹﾝ,ｶﾜｻｷﾏﾁ,4,324
43419,宮城県,丸森町,ﾐﾔｷﾞｹﾝ,ﾏﾙﾓﾘﾏﾁ,4,341
43613,宮城県,亘理町,ﾐﾔｷﾞｹﾝ,ﾜﾀﾘﾁｮｳ,4,361
43621,宮城県,山元町,ﾐﾔｷﾞｹﾝ,ﾔﾏﾓﾄﾁｮｳ,4,362
44016,宮城県,松島町,ﾐﾔｷﾞｹﾝ,ﾏﾂｼﾏﾏﾁ,4,401
44041,宮城県,七ヶ浜町,ﾐﾔｷﾞｹﾝ,ｼﾁｶﾞﾊﾏﾏﾁ,4,404
44067,宮城県,利府町,ﾐﾔｷﾞｹﾝ,ﾘﾌﾁｮｳ,4,406
44211,宮城県,大和町,ﾐﾔｷﾞｹﾝ,ﾀｲﾜﾁｮｳ,4,421
44229,宮城県,大郷町,ﾐﾔｷﾞｹﾝ,ｵｵｻﾄﾁｮｳ,4,422
44245,宮城県,大衡村,ﾐﾔｷﾞｹﾝ,ｵｵﾋﾗﾑﾗ,4,424
44440,宮城県,色麻町,ﾐﾔｷﾞｹﾝ,ｼｶﾏﾁｮｳ,4,444
44458,宮城県,加美町,ﾐﾔｷﾞｹﾝ,ｶﾐﾏﾁ,4,445
45012,宮城県,涌谷町,ﾐﾔｷﾞｹﾝ,ﾜｸﾔﾁｮｳ,4,501
45055,宮城県,美里町,ﾐﾔｷﾞｹﾝ,ﾐｻﾄﾏﾁ,4,505
45811,宮城県,女川町,ﾐﾔｷﾞｹﾝ,ｵﾅｶﾞﾜﾁｮｳ,4,581
46060,宮城県,南三陸町,ﾐﾔｷﾞｹﾝ,ﾐﾅﾐｻﾝﾘｸﾁｮｳ,4,606
52019,秋田県,秋田市,ｱｷﾀｹﾝ,ｱｷﾀｼ,5,201
52027,秋田県,能代市,ｱｷﾀｹﾝ,ﾉｼﾛｼ,5,202
52035,秋田県,横手市,ｱｷﾀｹﾝ,ﾖｺﾃｼ,5,203
52043,秋田県,大館市,ｱｷﾀｹﾝ,ｵｵﾀﾞﾃｼ,5,204
52060,秋田県,男鹿市,ｱｷﾀｹﾝ,ｵｶﾞｼ,5,206
52078,秋田県,湯沢市,ｱｷﾀｹﾝ,ﾕｻﾞﾜｼ,5,207
52094,秋田県,鹿角市,ｱｷﾀｹﾝ,ｶﾂﾞﾉｼ,5,209
52108,秋田県,由利本荘市,ｱｷﾀｹﾝ,ﾕﾘﾎﾝｼﾞｮｳｼ,5,210
52116,秋田県,潟上市,ｱｷﾀｹﾝ,ｶﾀｶﾞﾐｼ,5,211
52124,秋田県,大仙市,ｱｷﾀｹﾝ,ﾀﾞｲｾﾝｼ,5,212
52132,秋田県,北秋田市,ｱｷﾀｹﾝ,ｷﾀｱｷﾀｼ,5,213
52141,秋田県,にかほ市,ｱｷﾀｹﾝ,ﾆｶﾎｼ,5,214
52159,秋田県,仙北市,ｱｷﾀｹﾝ,ｾﾝﾎﾞｸｼ,5,215
53031,秋田県,小坂町,ｱｷﾀｹﾝ,ｺｻｶﾏﾁ,5,303
53279,秋田県,上小阿仁村,ｱｷﾀｹﾝ,ｶﾐｺｱﾆﾑﾗ,5,327
53465,秋田県,藤里町,ｱｷﾀｹﾝ,ﾌｼﾞｻﾄﾏﾁ,5,346
53481,秋田県,三種町,ｱｷﾀｹﾝ,ﾐﾀﾈﾁｮｳ,5,348
53490,秋田県,八峰町,ｱｷﾀｹﾝ,ﾊｯﾎﾟｳﾁｮｳ,5,349
53619,秋田県,五城目町,ｱｷﾀｹﾝ,ｺﾞｼﾞｮｳﾒﾏﾁ,5,361
53635,秋田県,八郎潟町,ｱｷﾀｹﾝ,ﾊﾁﾛｳｶﾞﾀﾏﾁ,5,363
53660,秋田県,井川町,ｱｷﾀｹﾝ,ｲｶﾜﾏﾁ,5,366
53686,秋田県,大潟村,ｱｷﾀｹﾝ,ｵｵｶﾞﾀﾑﾗ,5,368
54348,秋田県,美郷町,ｱｷﾀｹﾝ,ﾐｻﾄﾁｮｳ,5,434
54631,秋田県,羽後町,ｱｷﾀｹﾝ,ｳｺﾞﾏﾁ,5,463
54640,秋田県,東成瀬村,ｱｷﾀｹﾝ,ﾋｶﾞｼﾅﾙｾﾑﾗ,5,464
62014,山形県,山形市,ﾔﾏｶﾞﾀｹﾝ,ﾔﾏｶﾞﾀｼ,6,201
62022,山形県,米沢市,ﾔﾏｶﾞﾀｹﾝ,ﾖﾈｻﾞﾜｼ,6,202
62031,山形県,鶴岡市,ﾔﾏｶﾞﾀｹﾝ,ﾂﾙｵｶｼ,6,203
62049,山形県,酒田市,ﾔﾏｶﾞﾀｹﾝ,ｻｶﾀｼ,6,204
62057,山形県,新庄市,ﾔﾏｶﾞﾀｹﾝ,ｼﾝｼﾞｮｳｼ,6,205
62065,山形県,寒河江市,ﾔﾏｶﾞﾀｹﾝ,ｻｶﾞｴｼ,6,206
62073,山形県,上山市,ﾔﾏｶﾞﾀｹﾝ,ｶﾐﾉﾔﾏｼ,6,207
62081,山形県,村山市,ﾔﾏｶﾞﾀｹﾝ,ﾑﾗﾔﾏｼ,6,208
62090,山形県,長井市,ﾔﾏｶﾞﾀｹﾝ,ﾅｶﾞｲｼ,6,209
62103,山形県,天童市,ﾔﾏｶﾞﾀｹﾝ,ﾃﾝﾄﾞｳｼ,6,210
62111,山形県,東根市,ﾔﾏｶﾞﾀｹﾝ,ﾋｶﾞｼﾈｼ,6,211
62120,山形県,尾花沢市,ﾔﾏｶﾞﾀｹﾝ,ｵﾊﾞﾅｻﾞﾜｼ,6,212
62138,山形県,南陽市,ﾔﾏｶﾞﾀｹﾝ,ﾅﾝﾖｳｼ,6,213
63011,山形県,山辺町,ﾔﾏｶﾞﾀｹﾝ,ﾔﾏﾉﾍﾞﾏﾁ,6,301
63029,山形県,中山町,ﾔﾏｶﾞﾀｹﾝ,ﾅｶﾔﾏﾏﾁ,6,302
63215,山形県,河北町,ﾔﾏｶﾞﾀｹﾝ,ｶﾎｸﾁｮｳ,6,321
63223,山形県,西川町,ﾔﾏｶﾞﾀｹﾝ,ﾆｼｶﾜﾏﾁ,6,322
63231,山形県,朝日町,ﾔﾏｶﾞﾀｹﾝ,ｱｻﾋﾏﾁ,6,323
63240,山形県,大江町,ﾔﾏｶﾞﾀｹﾝ,ｵｵｴﾏﾁ,6,324
63410,山形県,大石田町,ﾔﾏｶﾞﾀｹﾝ,ｵｵｲｼﾀﾞﾏﾁ,6,341
63614,山形県,金山町,ﾔﾏｶﾞﾀｹﾝ,ｶﾈﾔﾏﾏﾁ,6,361
63622,山形県,最上町,ﾔﾏｶﾞﾀｹﾝ,ﾓｶﾞﾐﾏﾁ,6,362
63631,山形県,舟形町,ﾔﾏｶﾞﾀｹﾝ,ﾌﾅｶﾞﾀﾏﾁ,6,363
63649,山形県,真室川町,ﾔﾏｶﾞﾀｹﾝ,ﾏﾑﾛｶﾞﾜﾏﾁ,6,364
63657,山形県,大蔵村,ﾔﾏｶﾞﾀｹﾝ,ｵｵｸﾗﾑﾗ,6,365
63665,山形県,鮭川村,ﾔﾏｶﾞﾀｹﾝ,ｻｹｶﾞﾜﾑﾗ,6,366
63673,山形県,戸沢村,ﾔﾏｶﾞﾀｹﾝ,ﾄｻﾞﾜﾑﾗ,6,367
63819,山形県,高畠町,ﾔﾏｶﾞﾀｹﾝ,ﾀｶﾊﾀﾏﾁ,6,381
63827,山形県,川西町,ﾔﾏｶﾞﾀｹﾝ,ｶﾜﾆｼﾏﾁ,6,382
64017,山形県,小国町,ﾔﾏｶﾞﾀｹﾝ,ｵｸﾞﾆﾏﾁ,6,401
64025,山形県,白鷹町,ﾔﾏｶﾞﾀｹﾝ,ｼﾗﾀｶﾏﾁ,6,402
64033,山形県,飯豊町,ﾔﾏｶﾞﾀｹﾝ,ｲｲﾃﾞﾏﾁ,6,403
64262,山形県,三川町,ﾔﾏｶﾞﾀｹﾝ,ﾐｶﾜﾏﾁ,6,426
64289,山形県,庄内町,ﾔﾏｶﾞﾀｹﾝ,ｼﾖｳﾅｲﾏﾁ,6,428
64611,山形県,遊佐町,ﾔﾏｶﾞﾀｹﾝ,ﾕｻﾞﾏﾁ,6,461
72010,福島県,福島市,ﾌｸｼﾏｹﾝ,ﾌｸｼﾏｼ,7,201
72028,福島県,会津若松市,ﾌｸｼﾏｹﾝ,ｱｲﾂﾞﾜｶﾏﾂｼ,7,202
72036,福島県,郡山市,ﾌｸｼﾏｹﾝ,ｺｵﾘﾔﾏｼ,7,203
72044,福島県,いわき市,ﾌｸｼﾏｹﾝ,ｲﾜｷｼ,7,204
72052,福島県,白河市,ﾌｸｼﾏｹﾝ,ｼﾗｶﾜｼ,7,205
72079,福島県,須賀川市,ﾌｸｼﾏｹﾝ,ｽｶｶﾞﾜｼ,7,207
72087,福島県,喜多方市,ﾌｸｼﾏｹﾝ,ｷﾀｶﾀｼ,7,208
72095,福島県,相馬市,ﾌｸｼﾏｹﾝ,ｿｳﾏｼ,7,209
72109,福島県,二本松市,ﾌｸｼﾏｹﾝ,ﾆﾎﾝﾏﾂｼ,7,210
72117,福島県,田村市,ﾌｸｼﾏｹﾝ,ﾀﾑﾗｼ,7,211
72125,福島県,南相馬市,ﾌｸｼﾏｹﾝ,ﾐﾅﾐｿｳﾏｼ,7,212
72133,福島県,伊達市,ﾌｸｼﾏｹﾝ,ﾀﾞﾃｼ,7,213
72141,福島県,本宮市,ﾌｸｼﾏｹﾝ,ﾓﾄﾐﾔｼ,7,214
73016,福島県,桑折町,ﾌｸｼﾏｹﾝ,ｺｵﾘﾏﾁ,7,301
73032,福島県,国見町,ﾌｸｼﾏｹﾝ,ｸﾆﾐﾏﾁ,7,303
73083,福島県,川俣町,ﾌｸｼﾏｹﾝ,ｶﾜﾏﾀﾏﾁ,7,308
73229,福島県,大玉村,ﾌｸｼﾏｹﾝ,ｵｵﾀﾏﾑﾗ,7,322
73423,福島県,鏡石町,ﾌｸｼﾏｹﾝ,ｶｶﾞﾐｲｼﾏﾁ,7,342
73440,福島県,天栄村,ﾌｸｼﾏｹﾝ,ﾃﾝｴｲﾑﾗ,7,344
73628,福島県,下郷町,ﾌｸｼﾏｹﾝ,ｼﾓｺﾞｳﾏﾁ,7,362
73644,福島県,檜枝岐村,ﾌｸｼﾏｹﾝ,ﾋﾉｴﾏﾀﾑﾗ,7,364
73679,福島県,只見町,ﾌｸｼﾏｹﾝ,ﾀﾀﾞﾐﾏﾁ,7,367
73687,福島県,南会津町,ﾌｸｼﾏｹﾝ,ﾐﾅﾐｱｲﾂﾞﾏﾁ,7,368
74021,福島県,北塩原村,ﾌｸｼﾏｹﾝ,ｷﾀｼｵﾊﾞﾗﾑﾗ,7,402
74055,福島県,西会津町,ﾌｸｼﾏｹﾝ,ﾆｼｱｲﾂﾞﾏﾁ,7,405
74071,福島県,磐梯町,ﾌｸｼﾏｹﾝ,ﾊﾞﾝﾀﾞｲﾏﾁ,7,407
74080,福島県,猪苗代町,ﾌｸｼﾏｹﾝ,ｲﾅﾜｼﾛﾏﾁ,7,408
74217,福島県,会津坂下町,ﾌｸｼﾏｹﾝ,ｱｲﾂﾞﾊﾞﾝｹﾞﾏﾁ,7,421
74225,福島県,湯川村,ﾌｸｼﾏｹﾝ,ﾕｶﾞﾜﾑﾗ,7,422
74233,福島県,柳津町,ﾌｸｼﾏｹﾝ,ﾔﾅｲﾂﾞﾏﾁ,7,423
74446,福島県,三島町,ﾌｸｼﾏｹﾝ,ﾐｼﾏﾏﾁ,7,444
74454,福島県,金山町,ﾌｸｼﾏｹﾝ,ｶﾈﾔﾏﾏﾁ,7,445
74462,福島県,昭和村,ﾌｸｼﾏｹﾝ,ｼｮｳﾜﾑﾗ,7,446
74471,福島県,会津美里町,ﾌｸｼﾏｹﾝ,ｱｲﾂﾞﾐｻﾄﾏﾁ,7,447
74616,福島県,西郷村,ﾌｸｼﾏｹﾝ,ﾆｼｺﾞｳﾑﾗ,7,461
74641,福島県,泉崎村,ﾌｸｼﾏｹﾝ,ｲｽﾞﾐｻﾞｷﾑﾗ,7,464
74659,福島県,中島村,ﾌｸｼﾏｹﾝ,ﾅｶｼﾞﾏﾑﾗ,7,465
74667,福島県,矢吹町,ﾌｸｼﾏｹﾝ,ﾔﾌﾞｷﾏﾁ,7,466
74811,福島県,棚倉町,ﾌｸｼﾏｹﾝ,ﾀﾅｸﾞﾗﾏﾁ,7,481
74829,福島県,矢祭町,ﾌｸｼﾏｹﾝ,ﾔﾏﾂﾘﾏﾁ,7,482
74837,福島県,塙町,ﾌｸｼﾏｹﾝ,ﾊﾅﾜﾏﾁ,7,483
74845,福島県,鮫川村,ﾌｸｼﾏｹﾝ,ｻﾒｶﾞﾜﾑﾗ,7,484
75019,福島県,石川町,ﾌｸｼﾏｹﾝ,ｲｼｶﾜﾏﾁ,7,501
75027,福島県,玉川村,ﾌｸｼﾏｹﾝ,ﾀﾏｶﾜﾑﾗ,7,502
75035,福島県,平田村,ﾌｸｼﾏｹﾝ,ﾋﾗﾀﾑﾗ,7,503
75043,福島県,浅川町,ﾌｸｼﾏｹﾝ,ｱｻｶﾜﾏﾁ,7,504
75051,福島県,古殿町,ﾌｸｼﾏｹﾝ,ﾌﾙﾄﾞﾉﾏﾁ,7,505
75213,福島県,三春町,ﾌｸｼﾏｹﾝ,ﾐﾊﾙﾏﾁ,7,521
75221,福島県,小野町,ﾌｸｼﾏｹﾝ,ｵﾉﾏﾁ,7,522
75418,福島県,広野町,ﾌｸｼﾏｹﾝ,ﾋﾛﾉﾏﾁ,7,541
75426,福島県,楢葉町,ﾌｸｼﾏｹﾝ,ﾅﾗﾊﾏﾁ,7,542
75434,福島県,富岡町,ﾌｸｼﾏｹﾝ,ﾄﾐｵｶﾏﾁ,7,543
75442,福島県,川内村,ﾌｸｼﾏｹﾝ,ｶﾜｳﾁﾑﾗ,7,544
75451,福島県,大熊町,ﾌｸｼﾏｹﾝ,ｵｵｸﾏﾏﾁ,7,545
75469,福島県,双葉町,ﾌｸｼﾏｹﾝ,ﾌﾀﾊﾞﾏﾁ,7,546
75477,福島県,浪江町,ﾌｸｼﾏｹﾝ,ﾅﾐｴﾏﾁ,7,547
75485,福島県,葛尾村,ﾌｸｼﾏｹﾝ,ｶﾂﾗｵﾑﾗ,7,548
75612,福島県,新地町,ﾌｸｼﾏｹﾝ,ｼﾝﾁﾏﾁ,7,561
75647,福島県,飯舘村,ﾌｸｼﾏｹﾝ,ｲｲﾀﾃﾑﾗ,7,564
82015,茨城県,水戸市,ｲﾊﾞﾗｷｹﾝ,ﾐﾄｼ,8,201
82023,茨城県,日立市,ｲﾊﾞﾗｷｹﾝ,ﾋﾀﾁｼ,8,202
82031,茨城県,土浦市,ｲﾊﾞﾗｷｹﾝ,ﾂﾁｳﾗｼ,8,203
82040,茨城県,古河市,ｲﾊﾞﾗｷｹﾝ,ｺｶﾞｼ,8,204
82058,茨城県,石岡市,ｲﾊﾞﾗｷｹﾝ,ｲｼｵｶｼ,8,205
82074,茨城県,結城市,ｲﾊﾞﾗｷｹﾝ,ﾕｳｷｼ,8,207
82082,茨城県,龍ケ崎市,ｲﾊﾞﾗｷｹﾝ,ﾘｭｳｶﾞｻｷｼ,8,208
82104,茨城県,下妻市,ｲﾊﾞﾗｷｹﾝ,ｼﾓﾂﾏｼ,8,210
82112,茨城県,常総市,ｲﾊﾞﾗｷｹﾝ,ｼﾞｮｳｿｳｼ,8,211
82121,茨城県,常陸太田市,ｲﾊﾞﾗｷｹﾝ,ﾋﾀﾁｵｵﾀｼ,8,212
82147,茨城県,高萩市,ｲﾊﾞﾗｷｹﾝ,ﾀｶﾊｷﾞｼ,8,214
82155,茨城県,北茨城市,ｲﾊﾞﾗｷｹﾝ,ｷﾀｲﾊﾞﾗｷｼ,8,215
82163,茨城県,笠間市,ｲﾊﾞﾗｷｹﾝ,ｶｻﾏｼ,8,216
82171,茨城県,取手市,ｲﾊﾞﾗｷｹﾝ,ﾄﾘﾃﾞｼ,8,217
82198,茨城県,牛久市,ｲﾊﾞﾗｷｹﾝ,ｳｼｸｼ,8,219
82201,茨城県,つくば市,ｲﾊﾞﾗｷｹﾝ,ﾂｸﾊﾞｼ,8,220
82210,茨城県,ひたちなか市,ｲﾊﾞﾗｷｹﾝ,ﾋﾀﾁﾅｶｼ,8,221
82228,茨城県,鹿嶋市,ｲﾊﾞﾗｷｹﾝ,ｶｼﾏｼ,8,222
82236,茨城県,潮来市,ｲﾊﾞﾗｷｹﾝ,ｲﾀｺｼ,8,223
82244,茨城県,守谷市,ｲﾊﾞﾗｷｹﾝ,ﾓﾘﾔｼ,8,224
82252,茨城県,常陸大宮市,ｲﾊﾞﾗｷｹﾝ,ﾋﾀﾁｵｵﾐﾔｼ,8,225
82261,茨城県,那珂市,ｲﾊﾞﾗｷｹﾝ,ﾅｶｼ,8,226
82279,茨城県,筑西市,ｲﾊﾞﾗｷｹﾝ,ﾁｸｾｲｼ,8,227
82287,茨城県,坂東市,ｲﾊﾞﾗｷｹﾝ,ﾊﾞﾝﾄﾞｳｼ,8,228
82295,茨城県,稲敷市,ｲﾊﾞﾗｷｹﾝ,ｲﾅｼｷｼ,8,229
82309,茨城県,かすみがうら市,ｲﾊﾞﾗｷｹﾝ,ｶｽﾐｶﾞｳﾗｼ,8,230
82317,茨城県,桜川市,ｲﾊﾞﾗｷｹﾝ,ｻｸﾗｶﾞﾜｼ,8,231
82325,茨城県,神栖市,ｲﾊﾞﾗｷｹﾝ,ｶﾐｽｼ,8,232
82333,茨城県,行方市,ｲﾊﾞﾗｷｹﾝ,ﾅﾒｶﾞﾀｼ,8,233
82341,茨城県,鉾田市,ｲﾊﾞﾗｷｹﾝ,ﾎｺﾀｼ,8,234
82350,茨城県,つくばみらい市,ｲﾊﾞﾗｷｹﾝ,ﾂｸﾊﾞﾐﾗｲｼ,8,235
82368,茨城県,小美玉市,ｲﾊﾞﾗｷｹﾝ,ｵﾐﾀﾏｼ,8,236
83020,茨城県,茨城町,ｲﾊﾞﾗｷｹﾝ,ｲﾊﾞﾗｷﾏﾁ,8,302
83097,茨城県,大洗町,ｲﾊﾞﾗｷｹﾝ,ｵｵｱﾗｲﾏﾁ,8,309
83101,茨城県,城里町,ｲﾊﾞﾗｷｹﾝ,ｼﾛｻﾄﾏﾁ,8,310
83411,茨城県,東海村,ｲﾊﾞﾗｷｹﾝ,ﾄｳｶｲﾑﾗ,8,341
83640,茨城県,大子町,ｲﾊﾞﾗｷｹﾝ,ﾀﾞｲｺﾞﾏﾁ,8,364
84425,茨城県,美浦村,ｲﾊﾞﾗｷｹﾝ,ﾐﾎﾑﾗ,8,442
84433,茨城県,阿見町,ｲﾊﾞﾗｷｹﾝ,ｱﾐﾏﾁ,8,443
84476,茨城県,河内町,ｲﾊﾞﾗｷｹﾝ,ｶﾜﾁﾏﾁ,8,447
85219,茨城県,八千代町,ｲﾊﾞﾗｷｹﾝ,ﾔﾁﾖﾏﾁ,8,521
85421,茨城県,五霞町,ｲﾊﾞﾗｷｹﾝ,ｺﾞｶﾏﾁ,8,542
85464,茨城県,境町,ｲﾊﾞﾗｷｹﾝ,ｻｶｲﾏﾁ,8,546
85642,茨城県,利根町,ｲﾊﾞﾗｷｹﾝ,ﾄﾈﾏﾁ,8,564
92011,栃木県,宇都宮市,ﾄﾁｷﾞｹﾝ,ｳﾂﾉﾐﾔｼ,9,201
92029,栃木県,足利市,ﾄﾁｷﾞｹﾝ,ｱｼｶｶﾞｼ,9,202
92037,栃木県,栃木市,ﾄﾁｷﾞｹﾝ,ﾄﾁｷﾞｼ,9,203
92045,栃木県,佐野市,ﾄﾁｷﾞｹﾝ,ｻﾉｼ,9,204
92053,栃木県,鹿沼市,ﾄﾁｷﾞｹﾝ,ｶﾇﾏｼ,9,205
92061,栃木県,日光市,ﾄﾁｷﾞｹﾝ,ﾆｯｺｳｼ,9,206
92088,栃木県,小山市,ﾄﾁｷﾞｹﾝ,ｵﾔﾏｼ,9,208
92096,栃木県,真岡市,ﾄﾁｷﾞｹﾝ,ﾓｵｶｼ,9,209
92100,栃木県,大田原市,ﾄﾁｷﾞｹﾝ,ｵｵﾀﾜﾗｼ,9,210
92118,栃木県,矢板市,ﾄﾁｷﾞｹﾝ,ﾔｲﾀｼ,9,211
92134,栃木県,那須塩原市,ﾄﾁｷﾞｹﾝ,ﾅｽｼｵﾊﾞﾗｼ,9,213
92142,栃木県,さくら市,ﾄﾁｷﾞｹﾝ,ｻｸﾗｼ,9,214
92151,栃木県,那須烏山市,ﾄﾁｷﾞｹﾝ,ﾅｽｶﾗｽﾔﾏｼ,9,215
92169,栃木県,下野市,ﾄﾁｷﾞｹﾝ,ｼﾓﾂｹｼ,9,216
93017,栃木県,上三川町,ﾄﾁｷﾞｹﾝ,ｶﾐﾉｶﾜﾏﾁ,9,301
93424,栃木県,益子町,ﾄﾁｷﾞｹﾝ,ﾏｼｺﾏﾁ,9,342
93432,栃木県,茂木町,ﾄﾁｷﾞｹﾝ,ﾓﾃｷﾞﾏﾁ,9,343
93441,栃木県,市貝町,ﾄﾁｷﾞｹﾝ,ｲﾁｶｲﾏﾁ,9,344
93459,栃木県,芳賀町,ﾄﾁｷﾞｹﾝ,ﾊｶﾞﾏﾁ,9,345
93611,栃木県,壬生町,ﾄﾁｷﾞｹﾝ,ﾐﾌﾞﾏﾁ,9,361
93645,栃木県,野木町,ﾄﾁｷﾞｹﾝ,ﾉｷﾞﾏﾁ,9,364
93840,栃木県,塩谷町,ﾄﾁｷﾞｹﾝ,ｼｵﾔﾏﾁ,9,384
93866,栃木県,高根沢町,ﾄﾁｷﾞｹﾝ,ﾀｶﾈｻﾞﾜﾏﾁ,9,386
94072,栃木県,那須町,ﾄﾁｷﾞｹﾝ,ﾅｽﾏﾁ,9,407
94111,栃木県,那珂川町,ﾄﾁｷﾞｹﾝ,ﾅｶｶﾞﾜﾏﾁ,9,411
102016,群馬県,前橋市,ｸﾞﾝﾏｹﾝ,ﾏｴﾊﾞｼｼ,10,201
102024,群馬県,高崎市,ｸﾞﾝﾏｹﾝ,ﾀｶｻｷｼ,10,202
102032,群馬県,桐生市,ｸﾞﾝﾏｹﾝ,ｷﾘｭｳｼ,10,203
102041,群馬県,伊勢崎市,ｸﾞﾝﾏｹﾝ,ｲｾｻｷｼ,10,204
102059,群馬県,太田市,ｸﾞﾝﾏｹﾝ,ｵｵﾀｼ,10,205
102067,群馬県,沼田市,ｸﾞﾝﾏｹﾝ,ﾇﾏﾀｼ,10,206
102075,群馬県,館林市,ｸﾞﾝﾏｹﾝ,ﾀﾃﾊﾞﾔｼｼ,10,207
102083,群馬県,渋川市,ｸﾞﾝﾏｹﾝ,ｼﾌﾞｶﾜｼ,10,208
102091,群馬県,藤岡市,ｸﾞﾝﾏｹﾝ,ﾌｼﾞｵｶｼ,10,209
102105,群馬県,富岡市,ｸﾞﾝﾏｹﾝ,ﾄﾐｵｶｼ,10,210
102113,群馬県,安中市,ｸﾞﾝﾏｹﾝ,ｱﾝﾅｶｼ,10,211
102121,群馬県,みどり市,ｸﾞﾝﾏｹﾝ,ﾐﾄﾞﾘｼ,10,212
103446,群馬県,榛東村,ｸﾞﾝﾏｹﾝ,ｼﾝﾄｳﾑﾗ,10,344
103454,群馬県,吉岡町,ｸﾞﾝﾏｹﾝ,ﾖｼｵｶﾏﾁ,10,345
103667,群馬県,上野村,ｸﾞﾝﾏｹﾝ,ｳｴﾉﾑﾗ,10,366
103675,群馬県,神流町,ｸﾞﾝﾏｹﾝ,ｶﾝﾅﾏﾁ,10,367
103829,群馬県,下仁田町,ｸﾞﾝﾏｹﾝ,ｼﾓﾆﾀﾏﾁ,10,382
103837,群馬県,南牧村,ｸﾞﾝﾏｹﾝ,ﾅﾝﾓｸﾑﾗ,10,383
103845,群馬県,甘楽町,ｸﾞﾝﾏｹﾝ,ｶﾝﾗﾏﾁ,10,384
104213,群馬県,中之条町,ｸﾞﾝﾏｹﾝ,ﾅｶﾉｼﾞﾖｳﾏﾁ,10,421
104248,群馬県,長野原町,ｸﾞﾝﾏｹﾝ,ﾅｶﾞﾉﾊﾗﾏﾁ,10,424
104256,群馬県,嬬恋村,ｸﾞﾝﾏｹﾝ,ﾂﾏｺﾞｲﾑﾗ,10,425
104264,群馬県,草津町,ｸﾞﾝﾏｹﾝ,ｸｻﾂﾏﾁ,10,426
104281,群馬県,高山村,ｸﾞﾝﾏｹﾝ,ﾀｶﾔﾏﾑﾗ,10,428
104299,群馬県,東吾妻町,ｸﾞﾝﾏｹﾝ,ﾋｶﾞｼｱｶﾞﾂﾏﾏﾁ,10,429
104434,群馬県,片品村,ｸﾞﾝﾏｹﾝ,ｶﾀｼﾅﾑﾗ,10,443
104442,群馬県,川場村,ｸﾞﾝﾏｹﾝ,ｶﾜﾊﾞﾑﾗ,10,444
104485,群馬県,昭和村,ｸﾞﾝﾏｹﾝ,ｼｮｳﾜﾑﾗ,10,448
104493,群馬県,みなかみ町,ｸﾞﾝﾏｹﾝ,ﾐﾅｶﾐﾏﾁ,10,449
104647,群馬県,玉村町,ｸﾞﾝﾏｹﾝ,ﾀﾏﾑﾗﾏﾁ,10,464
105210,群馬県,板倉町,ｸﾞﾝﾏｹﾝ,ｲﾀｸﾗﾏﾁ,10,521
105228,群馬県,明和町,ｸﾞﾝﾏｹﾝ,ﾒｲﾜﾏﾁ,10,522
105236,群馬県,千代田町,ｸﾞﾝﾏｹﾝ,ﾁﾖﾀﾞﾏﾁ,10,523
105244,群馬県,大泉町,ｸﾞﾝﾏｹﾝ,ｵｵｲｽﾞﾐﾏﾁ,10,524
105252,群馬県,邑楽町,ｸﾞﾝﾏｹﾝ,ｵｳﾗﾏﾁ,10,525
111007,埼玉県,さいたま市,ｻｲﾀﾏｹﾝ,ｻｲﾀﾏｼ,11,100
112011,埼玉県,川越市,ｻｲﾀﾏｹﾝ,ｶﾜｺﾞｴｼ,11,201
112020,埼玉県,熊谷市,ｻｲﾀﾏｹﾝ,ｸﾏｶﾞﾔｼ,11,202
112038,埼玉県,川口市,ｻｲﾀﾏｹﾝ,ｶﾜｸﾞﾁｼ,11,203
112062,埼玉県,行田市,ｻｲﾀﾏｹﾝ,ｷﾞﾖｳﾀﾞｼ,11,206
112071,埼玉県,秩父市,ｻｲﾀﾏｹﾝ,ﾁﾁﾌﾞｼ,11,207
112089,埼玉県,所沢市,ｻｲﾀﾏｹﾝ,ﾄｺﾛｻﾞﾜｼ,11,208
112097,埼玉県,飯能市,ｻｲﾀﾏｹﾝ,ﾊﾝﾉｳｼ,11,209
112101,埼玉県,加須市,ｻｲﾀﾏｹﾝ,ｶｿﾞｼ,11,210
112119,埼玉県,本庄市,ｻｲﾀﾏｹﾝ,ﾎﾝｼﾞﾖｳｼ,11,211
112127,埼玉県,東松山市,ｻｲﾀﾏｹﾝ,ﾋｶﾞｼﾏﾂﾔﾏｼ,11,212
112143,埼玉県,春日部市,ｻｲﾀﾏｹﾝ,ｶｽｶﾍﾞｼ,11,214
112151,埼玉県,狭山市,ｻｲﾀﾏｹﾝ,ｻﾔﾏｼ,11,215
112160,埼玉県,羽生市,ｻｲﾀﾏｹﾝ,ﾊﾆﾕｳｼ,11,216
112178,埼玉県,鴻巣市,ｻｲﾀﾏｹﾝ,ｺｳﾉｽｼ,11,217
112186,埼玉県,深谷市,ｻｲﾀﾏｹﾝ,ﾌｶﾔｼ,11,218
112194,埼玉県,上尾市,ｻｲﾀﾏｹﾝ,ｱｹﾞｵｼ,11,219
112216,埼玉県,草加市,ｻｲﾀﾏｹﾝ,ｿｳｶｼ,11,221
112224,埼玉県,越谷市,ｻｲﾀﾏｹﾝ,ｺｼｶﾞﾔｼ,11,222
112232,埼玉県,蕨市,ｻｲﾀﾏｹﾝ,ﾜﾗﾋﾞｼ,11,223
112241,埼玉県,戸田市,ｻｲﾀﾏｹﾝ,ﾄﾀﾞｼ,11,224
112259,埼玉県,入間市,ｻｲﾀﾏｹﾝ,ｲﾙﾏｼ,11,225
112275,埼玉県,朝霞市,ｻｲﾀﾏｹﾝ,ｱｻｶｼ,11,227
112283,埼玉県,志木市,ｻｲﾀﾏｹﾝ,ｼｷｼ,11,228
112291,埼玉県,和光市,ｻｲﾀﾏｹﾝ,ﾜｺｳｼ,11,229
112305,埼玉県,新座市,ｻｲﾀﾏｹﾝ,ﾆｲｻﾞｼ,11,230
112313,埼玉県,桶川市,ｻｲﾀﾏｹﾝ,ｵｹｶﾞﾜｼ,11,231
112321,埼玉県,久喜市,ｻｲﾀﾏｹﾝ,ｸｷｼ,11,232
112330,埼玉県,北本市,ｻｲﾀﾏｹﾝ,ｷﾀﾓﾄｼ,11,233
112348,埼玉県,八潮市,ｻｲﾀﾏｹﾝ,ﾔｼｵｼ,11,234
112356,埼玉県,富士見市,ｻｲﾀﾏｹﾝ,ﾌｼﾞﾐｼ,11,235
112372,埼玉県,三郷市,ｻｲﾀﾏｹﾝ,ﾐｻﾄｼ,11,237
112381,埼玉県,蓮田市,ｻｲﾀﾏｹﾝ,ﾊｽﾀﾞｼ,11,238
112399,埼玉県,坂戸市,ｻｲﾀﾏｹﾝ,ｻｶﾄﾞｼ,11,239
112402,埼玉県,幸手市,ｻｲﾀﾏｹﾝ,ｻｯﾃｼ,11,240
112411,埼玉県,鶴ヶ島市,ｻｲﾀﾏｹﾝ,ﾂﾙｶﾞｼﾏｼ,11,241
112429,埼玉県,日高市,ｻｲﾀﾏｹﾝ,ﾋﾀﾞｶｼ,11,242
112437,埼玉県,吉川市,ｻｲﾀﾏｹﾝ,ﾖｼｶﾜｼ,11,243
112453,埼玉県,ふじみ野市,ｻｲﾀﾏｹﾝ,ﾌｼﾞﾐﾉｼ,11,245
112461,埼玉県,白岡市,ｻｲﾀﾏｹﾝ,ｼﾗｵｶｼ,11,246
113018,埼玉県,伊奈町,ｻｲﾀﾏｹﾝ,ｲﾅﾏﾁ,11,301
113247,埼玉県,三芳町,ｻｲﾀﾏｹﾝ,ﾐﾖｼﾏﾁ,11,324
113263,埼玉県,毛呂山町,ｻｲﾀﾏｹﾝ,ﾓﾛﾔﾏﾏﾁ,11,326
113271,埼玉県,越生町,ｻｲﾀﾏｹﾝ,ｵｺﾞｾﾏﾁ,11,327
113417,埼玉県,滑川町,ｻｲﾀﾏｹﾝ,ﾅﾒｶﾞﾜﾏﾁ,11,341
113425,埼玉県,嵐山町,ｻｲﾀﾏｹﾝ,ﾗﾝｻﾞﾝﾏﾁ,11,342
113433,埼玉県,小川町,ｻｲﾀﾏｹﾝ,ｵｶﾞﾜﾏﾁ,11,343
113468,埼玉県,川島町,ｻｲﾀﾏｹﾝ,ｶﾜｼﾞﾏﾏﾁ,11,346
113476,埼玉県,吉見町,ｻｲﾀﾏｹﾝ,ﾖｼﾐﾏﾁ,11,347
113484,埼玉県,鳩山町,ｻｲﾀﾏｹﾝ,ﾊﾄﾔﾏﾏﾁ,11,348
113492,埼玉県,ときがわ町,ｻｲﾀﾏｹﾝ,ﾄｷｶﾞﾜﾏﾁ,11,349
113611,埼玉県,横瀬町,ｻｲﾀﾏｹﾝ,ﾖｺｾﾞﾏﾁ,11,361
113620,埼玉県,皆野町,ｻｲﾀﾏｹﾝ,ﾐﾅﾉﾏﾁ,11,362
113638,埼玉県,長瀞町,ｻｲﾀﾏｹﾝ,ﾅｶﾞﾄﾛﾏﾁ,11,363
113654,埼玉県,小鹿野町,ｻｲﾀﾏｹﾝ,ｵｶﾞﾉﾏﾁ,11,365
113697,埼玉県,東秩父村,ｻｲﾀﾏｹﾝ,ﾋｶﾞｼﾁﾁﾌﾞﾑﾗ,11,369
113816,埼玉県,美里町,ｻｲﾀﾏｹﾝ,ﾐｻﾄﾏﾁ,11,381
113832,埼玉県,神川町,ｻｲﾀﾏｹﾝ,ｶﾐｶﾜﾏﾁ,11,383
113859,埼玉県,上里町,ｻｲﾀﾏｹﾝ,ｶﾐｻﾄﾏﾁ,11,385
114081,埼玉県,寄居町,ｻｲﾀﾏｹﾝ,ﾖﾘｲﾏﾁ,11,408
114421,埼玉県,宮代町,ｻｲﾀﾏｹﾝ,ﾐﾔｼﾛﾏﾁ,11,442
114642,埼玉県,杉戸町,ｻｲﾀﾏｹﾝ,ｽｷﾞﾄﾏﾁ,11,464
114651,埼玉県,松伏町,ｻｲﾀﾏｹﾝ,ﾏﾂﾌﾞｼﾏﾁ,11,465
121002,千葉県,千葉市,ﾁﾊﾞｹﾝ,ﾁﾊﾞｼ,12,100
122025,千葉県,銚子市,ﾁﾊﾞｹﾝ,ﾁｮｳｼｼ,12,202
122033,千葉県,市川市,ﾁﾊﾞｹﾝ,ｲﾁｶﾜｼ,12,203
122041,千葉県,船橋市,ﾁﾊﾞｹﾝ,ﾌﾅﾊﾞｼｼ,12,204
122050,千葉県,館山市,ﾁﾊﾞｹﾝ,ﾀﾃﾔﾏｼ,12,205
122068,千葉県,木更津市,ﾁﾊﾞｹﾝ,ｷｻﾗﾂﾞｼ,12,206
122076,千葉県,松戸市,ﾁﾊﾞｹﾝ,ﾏﾂﾄﾞｼ,12,207
122084,千葉県,野田市,ﾁﾊﾞｹﾝ,ﾉﾀﾞｼ,12,208
122106,千葉県,茂原市,ﾁﾊﾞｹﾝ,ﾓﾊﾞﾗｼ,12,210
122114,千葉県,成田市,ﾁﾊﾞｹﾝ,ﾅﾘﾀｼ,12,211
122122,千葉県,佐倉市,ﾁﾊﾞｹﾝ,ｻｸﾗｼ,12,212
122131,千葉県,東金市,ﾁﾊﾞｹﾝ,ﾄｳｶﾞﾈｼ,12,213
122157,千葉県,旭市,ﾁﾊﾞｹﾝ,ｱｻﾋｼ,12,215
122165,千葉県,習志野市,ﾁﾊﾞｹﾝ,ﾅﾗｼﾉｼ,12,216
122173,千葉県,柏市,ﾁﾊﾞｹﾝ,ｶｼﾜｼ,12,217
122181,千葉県,勝浦市,ﾁﾊﾞｹﾝ,ｶﾂｳﾗｼ,12,218
122190,千葉県,市原市,ﾁﾊﾞｹﾝ,ｲﾁﾊﾗｼ,12,219
122203,千葉県,流山市,ﾁﾊﾞｹﾝ,ﾅｶﾞﾚﾔﾏｼ,12,220
122211,千葉県,八千代市,ﾁﾊﾞｹﾝ,ﾔﾁﾖｼ,12,221
122220,千葉県,我孫子市,ﾁﾊﾞｹﾝ,ｱﾋﾞｺｼ,12,222
122238,千葉県,鴨川市,ﾁﾊﾞｹﾝ,ｶﾓｶﾞﾜｼ,12,223
122246,千葉県,鎌ケ谷市,ﾁﾊﾞｹﾝ,ｶﾏｶﾞﾔｼ,12,224
122254,千葉県,君津市,ﾁﾊﾞｹﾝ,ｷﾐﾂｼ,12,225
122262,千葉県,富津市,ﾁﾊﾞｹﾝ,ﾌｯﾂｼ,12,226
122271,千葉県,浦安市,ﾁﾊﾞｹﾝ,ｳﾗﾔｽｼ,12,227
122289,千葉県,四街道市,ﾁﾊﾞｹﾝ,ﾖﾂｶｲﾄﾞｳｼ,12,228
122297,千葉県,袖ケ浦市,ﾁﾊﾞｹﾝ,ｿﾃﾞｶﾞｳﾗｼ,12,229
122301,千葉県,八街市,ﾁﾊﾞｹﾝ,ﾔﾁﾏﾀｼ,12,230
122319,千葉県,印西市,ﾁﾊﾞｹﾝ,ｲﾝｻﾞｲｼ,12,231
122327,千葉県,白井市,ﾁﾊﾞｹﾝ,ｼﾛｲｼ,12,232
122335,千葉県,富里市,ﾁﾊﾞｹﾝ,ﾄﾐｻﾄｼ,12,233
122343,千葉県,南房総市,ﾁﾊﾞｹﾝ,ﾐﾅﾐﾎﾞｳｿｳｼ,12,234
122351,千葉県,匝瑳市,ﾁﾊﾞｹﾝ,ｿｳｻｼ,12,235
122360,千葉県,香取市,ﾁﾊﾞｹﾝ,ｶﾄﾘｼ,12,236
122378,千葉県,山武市,ﾁﾊﾞｹﾝ,ｻﾝﾑｼ,12,237
122386,千葉県,いすみ市,ﾁﾊﾞｹﾝ,ｲｽﾐｼ,12,238
122394,千葉県,大網白里市,ﾁﾊﾞｹﾝ,ｵｵｱﾐｼﾗｻﾄｼ,12,239
123226,千葉県,酒々井町,ﾁﾊﾞｹﾝ,ｼｽｲﾏﾁ,12,322
123293,千葉県,栄町,ﾁﾊﾞｹﾝ,ｻｶｴﾏﾁ,12,329
123421,千葉県,神崎町,ﾁﾊﾞｹﾝ,ｺｳｻﾞｷﾏﾁ,12,342
123471,千葉県,多古町,ﾁﾊﾞｹﾝ,ﾀｺﾏﾁ,12,347
123498,千葉県,東庄町,ﾁﾊﾞｹﾝ,ﾄｳﾉｼｮｳﾏﾁ,12,349
124036,千葉県,九十九里町,ﾁﾊﾞｹﾝ,ｸｼﾞﾕｳｸﾘﾏﾁ,12,403
124095,千葉県,芝山町,ﾁﾊﾞｹﾝ,ｼﾊﾞﾔﾏﾏﾁ,12,409
124109,千葉県,横芝光町,ﾁﾊﾞｹﾝ,ﾖｺｼﾊﾞﾋｶﾘﾏﾁ,12,410
124214,千葉県,一宮町,ﾁﾊﾞｹﾝ,ｲﾁﾉﾐﾔﾏﾁ,12,421
124222,千葉県,睦沢町,ﾁﾊﾞｹﾝ,ﾑﾂｻﾞﾜﾏﾁ,12,422
124231,千葉県,長生村,ﾁﾊﾞｹﾝ,ﾁｮｳｾｲﾑﾗ,12,423
124249,千葉県,白子町,ﾁﾊﾞｹﾝ,ｼﾗｺﾏﾁ,12,424
124265,千葉県,長柄町,ﾁﾊﾞｹﾝ,ﾅｶﾞﾗﾏﾁ,12,426
124273,千葉県,長南町,ﾁﾊﾞｹﾝ,ﾁｮｳﾅﾝﾏﾁ,12,427
124419,千葉県,大多喜町,ﾁﾊﾞｹﾝ,ｵｵﾀｷﾏﾁ,12,441
124435,千葉県,御宿町,ﾁﾊﾞｹﾝ,ｵﾝｼﾞﾕｸﾏﾁ,12,443
124630,千葉県,鋸南町,ﾁﾊﾞｹﾝ,ｷﾖﾅﾝﾏﾁ,12,463
131016,東京都,千代田区,ﾄｳｷｮｳﾄ,ﾁﾖﾀﾞｸ,13,101
131024,東京都,中央区,ﾄｳｷｮｳﾄ,ﾁｭｳｵｳｸ,13,102
131032,東京都,港区,ﾄｳｷｮｳﾄ,ﾐﾅﾄｸ,13,103
131041,東京都,新宿区,ﾄｳｷｮｳﾄ,ｼﾝｼﾞｭｸｸ,13,104
131059,東京都,文京区,ﾄｳｷｮｳﾄ,ﾌﾞﾝｷｮｳｸ,13,105
131067,東京都,台東区,ﾄｳｷｮｳﾄ,ﾀｲﾄｳｸ,13,106
131075,東京都,墨田区,ﾄｳｷｮｳﾄ,ｽﾐﾀﾞｸ,13,107
131083,東京都,江東区,ﾄｳｷｮｳﾄ,ｺｳﾄｳｸ,13,108
131091,東京都,品川区,ﾄｳｷｮｳﾄ,ｼﾅｶﾞﾜｸ,13,109
131105,東京都,目黒区,ﾄｳｷｮｳﾄ,ﾒｸﾞﾛｸ,13,110
131113,東京都,大田区,ﾄｳｷｮｳﾄ,ｵｵﾀｸ,13,111
131121,東京都,世田谷区,ﾄｳｷｮｳﾄ,ｾﾀｶﾞﾔｸ,13,112
131130,東京都,渋谷区,ﾄｳｷｮｳﾄ,ｼﾌﾞﾔｸ,13,113
131148,東京都,中野区,ﾄｳｷｮｳﾄ,ﾅｶﾉｸ,13,114
131156,東京都,杉並区,ﾄｳｷｮｳﾄ,ｽｷﾞﾅﾐｸ,13,115
131164,東京都,豊島区,ﾄｳｷｮｳﾄ,ﾄｼﾏｸ,13,116
131172,東京都,北区,ﾄｳｷｮｳﾄ,ｷﾀｸ,13,117
131181,東京都,荒川区,ﾄｳｷｮｳﾄ,ｱﾗｶﾜｸ,13,118
131199,東京都,板橋区,ﾄｳｷｮｳﾄ,ｲﾀﾊﾞｼｸ,13,119
131202,東京都,練馬区,ﾄｳｷｮｳﾄ,ﾈﾘﾏｸ,13,120
131211,東京都,足立区,ﾄｳｷｮｳﾄ,ｱﾀﾞﾁｸ,13,121
131229,東京都,葛飾区,ﾄｳｷｮｳﾄ,ｶﾂｼｶｸ,13,122
131237,東京都,江戸川区,ﾄｳｷｮｳﾄ,ｴﾄﾞｶﾞﾜｸ,13,123
132012,東京都,八王子市,ﾄｳｷｮｳﾄ,ﾊﾁｵｳｼﾞｼ,13,201
132021,東京都,立川市,ﾄｳｷｮｳﾄ,ﾀﾁｶﾜｼ,13,202
132039,東京都,武蔵野市,ﾄｳｷｮｳﾄ,ﾑｻｼﾉｼ,13,203
132047,東京都,三鷹市,ﾄｳｷｮｳﾄ,ﾐﾀｶｼ,13,204
132055,東京都,青梅市,ﾄｳｷｮｳﾄ,ｵｳﾒｼ,13,205
132063,東京都,府中市,ﾄｳｷｮｳﾄ,ﾌﾁｭｳｼ,13,206
132071,東京都,昭島市,ﾄｳｷｮｳﾄ,ｱｷｼﾏｼ,13,207
132080,東京都,調布市,ﾄｳｷｮｳﾄ,ﾁｮｳﾌｼ,13,208
132098,東京都,町田市,ﾄｳｷｮｳﾄ,ﾏﾁﾀﾞｼ,13,209
132101,東京都,小金井市,ﾄｳｷｮｳﾄ,ｺｶﾞﾈｲｼ,13,210
132110,東京都,小平市,ﾄｳｷｮｳﾄ,ｺﾀﾞｲﾗｼ,13,211
132128,東京都,日野市,ﾄｳｷｮｳﾄ,ﾋﾉｼ,13,212
132136,東京都,東村山市,ﾄｳｷｮｳﾄ,ﾋｶﾞｼﾑﾗﾔﾏｼ,13,213
132144,東京都,国分寺市,ﾄｳｷｮｳﾄ,ｺｸﾌﾞﾝｼﾞｼ,13,214
132152,東京都,国立市,ﾄｳｷｮｳﾄ,ｸﾆﾀﾁｼ,13,215
132187,東京都,福生市,ﾄｳｷｮｳﾄ,ﾌｯｻｼ,13,218
132195,東京都,狛江市,ﾄｳｷｮｳﾄ,ｺﾏｴｼ,13,219
132209,東京都,東大和市,ﾄｳｷｮｳﾄ,ﾋｶﾞｼﾔﾏﾄｼ,13,220
132217,東京都,清瀬市,ﾄｳｷｮｳﾄ,ｷﾖｾｼ,13,221
132225,東京都,東久留米市,ﾄｳｷｮｳﾄ,ﾋｶﾞｼｸﾙﾒｼ,13,222
132233,東京都,武蔵村山市,ﾄｳｷｮｳﾄ,ﾑｻｼﾑﾗﾔﾏｼ,13,223
132241,東京都,多摩市,ﾄｳｷｮｳﾄ,ﾀﾏｼ,13,224
132250,東京都,稲城市,ﾄｳｷｮｳﾄ,ｲﾅｷﾞｼ,13,225
132276,東京都,羽村市,ﾄｳｷｮｳﾄ,ﾊﾑﾗｼ,13,227
132284,東京都,あきる野市,ﾄｳｷｮｳﾄ,ｱｷﾙﾉｼ,13,228
132292,東京都,西東京市,ﾄｳｷｮｳﾄ,ﾆｼﾄｳｷｮｳｼ,13,229
133035,東京都,瑞穂町,ﾄｳｷｮｳﾄ,ﾐｽﾞﾎﾏﾁ,13,303
133051,東京都,日の出町,ﾄｳｷｮｳﾄ,ﾋﾉﾃﾞﾏﾁ,13,305
133078,東京都,檜原村,ﾄｳｷｮｳﾄ,ﾋﾉﾊﾗﾑﾗ,13,307
133086,東京都,奥多摩町,ﾄｳｷｮｳﾄ,ｵｸﾀﾏﾏﾁ,13,308
133612,東京都,大島町,ﾄｳｷｮｳﾄ,ｵｵｼﾏﾏﾁ,13,361
133621,東京都,利島村,ﾄｳｷｮｳﾄ,ﾄｼﾏﾑﾗ,13,362
133639,東京都,新島村,ﾄｳｷｮｳﾄ,ﾆｲｼﾞﾏﾑﾗ,13,363
133647,東京都,神津島村,ﾄｳｷｮｳﾄ,ｺｳﾂﾞｼﾏﾑﾗ,13,364
133817,東京都,三宅村,ﾄｳｷｮｳﾄ,ﾐﾔｹﾑﾗ,13,381
133825,東京都,御蔵島村,ﾄｳｷｮｳﾄ,ﾐｸﾗｼﾞﾏﾑﾗ,13,382
134015,東京都,八丈町,ﾄｳｷｮｳﾄ,ﾊﾁｼﾞｮｳﾏﾁ,13,401
134023,東京都,青ヶ島村,ﾄｳｷｮｳﾄ,ｱｵｶﾞｼﾏﾑﾗ,13,402
134210,東京都,小笠原村,ﾄｳｷｮｳﾄ,ｵｶﾞｻﾜﾗﾑﾗ,13,421
141003,神奈川県,横浜市,ｶﾅｶﾞﾜｹﾝ,ﾖｺﾊﾏｼ,14,100
141305,神奈川県,川崎市,ｶﾅｶﾞﾜｹﾝ,ｶﾜｻｷｼ,14,130
141500,神奈川県,相模原市,ｶﾅｶﾞﾜｹﾝ,ｻｶﾞﾐﾊﾗｼ,14,150
142018,神奈川県,横須賀市,ｶﾅｶﾞﾜｹﾝ,ﾖｺｽｶｼ,14,201
142034,神奈川県,平塚市,ｶﾅｶﾞﾜｹﾝ,ﾋﾗﾂｶｼ,14,203
142042,神奈川県,鎌倉市,ｶﾅｶﾞﾜｹﾝ,ｶﾏｸﾗｼ,14,204
142051,神奈川県,藤沢市,ｶﾅｶﾞﾜｹﾝ,ﾌｼﾞｻﾜｼ,14,205
142069,神奈川県,小田原市,ｶﾅｶﾞﾜｹﾝ,ｵﾀﾞﾜﾗｼ,14,206
142077,神奈川県,茅ヶ崎市,ｶﾅｶﾞﾜｹﾝ,ﾁｶﾞｻｷｼ,14,207
142085,神奈川県,逗子市,ｶﾅｶﾞﾜｹﾝ,ｽﾞｼｼ,14,208
142107,神奈川県,三浦市,ｶﾅｶﾞﾜｹﾝ,ﾐｳﾗｼ,14,210
142115,神奈川県,秦野市,ｶﾅｶﾞﾜｹﾝ,ﾊﾀﾞﾉｼ,14,211
142123,神奈川県,厚木市,ｶﾅｶﾞﾜｹﾝ,ｱﾂｷﾞｼ,14,212
142131,神奈川県,大和市,ｶﾅｶﾞﾜｹﾝ,ﾔﾏﾄｼ,14,213
142140,神奈川県,伊勢原市,ｶﾅｶﾞﾜｹﾝ,ｲｾﾊﾗｼ,14,214
142158,神奈川県,海老名市,ｶﾅｶﾞﾜｹﾝ,ｴﾋﾞﾅｼ,14,215
142166,神奈川県,座間市,ｶﾅｶﾞﾜｹﾝ,ｻﾞﾏｼ,14,216
142174,神奈川県,南足柄市,ｶﾅｶﾞﾜｹﾝ,ﾐﾅﾐｱｼｶﾞﾗｼ,14,217
142182,神奈川県,綾瀬市,ｶﾅｶﾞﾜｹﾝ,ｱﾔｾｼ,14,218
143014,神奈川県,葉山町,ｶﾅｶﾞﾜｹﾝ,ﾊﾔﾏﾏﾁ,14,301
143219,神奈川県,寒川町,ｶﾅｶﾞﾜｹﾝ,ｻﾑｶﾜﾏﾁ,14,321
143413,神奈川県,大磯町,ｶﾅｶﾞﾜｹﾝ,ｵｵｲｿﾏﾁ,14,341
143421,神奈川県,二宮町,ｶﾅｶﾞﾜｹﾝ,ﾆﾉﾐﾔﾏﾁ,14,342
143618,神奈川県,中井町,ｶﾅｶﾞﾜｹﾝ,ﾅｶｲﾏﾁ,14,361
143626,神奈川県,大井町,ｶﾅｶﾞﾜｹﾝ,ｵｵｲﾏﾁ,14,362
143634,神奈川県,松田町,ｶﾅｶﾞﾜｹﾝ,ﾏﾂﾀﾞﾏﾁ,14,363
143642,神奈川県,山北町,ｶﾅｶﾞﾜｹﾝ,ﾔﾏｷﾀﾏﾁ,14,364
143669,神奈川県,開成町,ｶﾅｶﾞﾜｹﾝ,ｶｲｾｲﾏﾁ,14,366
143821,神奈川県,箱根町,ｶﾅｶﾞﾜｹﾝ,ﾊｺﾈﾏﾁ,14,382
143839,神奈川県,真鶴町,ｶﾅｶﾞﾜｹﾝ,ﾏﾅﾂﾙﾏﾁ,14,383
143847,神奈川県,湯河原町,ｶﾅｶﾞﾜｹﾝ,ﾕｶﾞﾜﾗﾏﾁ,14,384
144011,神奈川県,愛川町,ｶﾅｶﾞﾜｹﾝ,ｱｲｶﾜﾏﾁ,14,401
144029,神奈川県,清川村,ｶﾅｶﾞﾜｹﾝ,ｷﾖｶﾜﾑﾗ,14,402
151009,新潟県,新潟市,ﾆｲｶﾞﾀｹﾝ,ﾆｲｶﾞﾀｼ,15,100
152021,新潟県,長岡市,ﾆｲｶﾞﾀｹﾝ,ﾅｶﾞｵｶｼ,15,202
152048,新潟県,三条市,ﾆｲｶﾞﾀｹﾝ,ｻﾝｼﾞｮｳｼ,15,204
152056,新潟県,柏崎市,ﾆｲｶﾞﾀｹﾝ,ｶｼﾜｻﾞｷｼ,15,205
152064,新潟県,新発田市,ﾆｲｶﾞﾀｹﾝ,ｼﾊﾞﾀｼ,15,206
152081,新潟県,小千谷市,ﾆｲｶﾞﾀｹﾝ,ｵﾁﾞﾔｼ,15,208
152099,新潟県,加茂市,ﾆｲｶﾞﾀｹﾝ,ｶﾓｼ,15,209
152102,新潟県,十日町市,ﾆｲｶﾞﾀｹﾝ,ﾄｵｶﾏﾁｼ,15,210
152111,新潟県,見附市,ﾆｲｶﾞﾀｹﾝ,ﾐﾂｹｼ,15,211
152129,新潟県,村上市,ﾆｲｶﾞﾀｹﾝ,ﾑﾗｶﾐｼ,15,212
152137,新潟県,燕市,ﾆｲｶﾞﾀｹﾝ,ﾂﾊﾞﾒｼ,15,213
152161,新潟県,糸魚川市,ﾆｲｶﾞﾀｹﾝ,ｲﾄｲｶﾞﾜｼ,15,216
152170,新潟県,妙高市,ﾆｲｶﾞﾀｹﾝ,ﾐｮｳｺｳｼ,15,217
152188,新潟県,五泉市,ﾆｲｶﾞﾀｹﾝ,ｺﾞｾﾝｼ,15,218
152226,新潟県,上越市,ﾆｲｶﾞﾀｹﾝ,ｼﾞｮｳｴﾂｼ,15,222
152234,新潟県,阿賀野市,ﾆｲｶﾞﾀｹﾝ,ｱｶﾞﾉｼ,15,223
152242,新潟県,佐渡市,ﾆｲｶﾞﾀｹﾝ,ｻﾄﾞｼ,15,224
152251,新潟県,魚沼市,ﾆｲｶﾞﾀｹﾝ,ｳｵﾇﾏｼ,15,225
152269,新潟県,南魚沼市,ﾆｲｶﾞﾀｹﾝ,ﾐﾅﾐｳｵﾇﾏｼ,15,226
152277,新潟県,胎内市,ﾆｲｶﾞﾀｹﾝ,ﾀｲﾅｲｼ,15,227
153079,新潟県,聖籠町,ﾆｲｶﾞﾀｹﾝ,ｾｲﾛｳﾏﾁ,15,307
153427,新潟県,弥彦村,ﾆｲｶﾞﾀｹﾝ,ﾔﾋｺﾑﾗ,15,342
153613,新潟県,田上町,ﾆｲｶﾞﾀｹﾝ,ﾀｶﾞﾐﾏﾁ,15,361
153851,新潟県,阿賀町,ﾆｲｶﾞﾀｹﾝ,ｱｶﾞﾏﾁ,15,385
154059,新潟県,出雲崎町,ﾆｲｶﾞﾀｹﾝ,ｲｽﾞﾓｻﾞｷﾏﾁ,15,405
154610,新潟県,湯沢町,ﾆｲｶﾞﾀｹﾝ,ﾕｻﾞﾜﾏﾁ,15,461
154822,新潟県,津南町,ﾆｲｶﾞﾀｹﾝ,ﾂﾅﾝﾏﾁ,15,482
155047,新潟県,刈羽村,ﾆｲｶﾞﾀｹﾝ,ｶﾘﾜﾑﾗ,15,504
155811,新潟県,関川村,ﾆｲｶﾞﾀｹﾝ,ｾｷｶﾜﾑﾗ,15,581
155861,新潟県,粟島浦村,ﾆｲｶﾞﾀｹﾝ,ｱﾜｼﾏｳﾗﾑﾗ,15,586
162019,富山県,富山市,ﾄﾔﾏｹﾝ,ﾄﾔﾏｼ,16,201
162027,富山県,高岡市,ﾄﾔﾏｹﾝ,ﾀｶｵｶｼ,16,202
162043,富山県,魚津市,ﾄﾔﾏｹﾝ,ｳｵﾂﾞｼ,16,204
162051,富山県,氷見市,ﾄﾔﾏｹﾝ,ﾋﾐｼ,16,205
162060,富山県,滑川市,ﾄﾔﾏｹﾝ,ﾅﾒﾘｶﾜｼ,16,206
162078,富山県,黒部市,ﾄﾔﾏｹﾝ,ｸﾛﾍﾞｼ,16,207
162086,富山県,砺波市,ﾄﾔﾏｹﾝ,ﾄﾅﾐｼ,16,208
162094,富山県,小矢部市,ﾄﾔﾏｹﾝ,ｵﾔﾍﾞｼ,16,209
162108,富山県,南砺市,ﾄﾔﾏｹﾝ,ﾅﾝﾄｼ,16,210
162116,富山県,射水市,ﾄﾔﾏｹﾝ,ｲﾐｽﾞｼ,16,211
163210,富山県,舟橋村,ﾄﾔﾏｹﾝ,ﾌﾅﾊｼﾑﾗ,16,321
163228,富山県,上市町,ﾄﾔﾏｹﾝ,ｶﾐｲﾁﾏﾁ,16,322
163236,富山県,立山町,ﾄﾔﾏｹﾝ,ﾀﾃﾔﾏﾏﾁ,16,323
163422,富山県,入善町,ﾄﾔﾏｹﾝ,ﾆｭｳｾﾞﾝﾏﾁ,16,342
163431,富山県,朝日町,ﾄﾔﾏｹﾝ,ｱｻﾋﾏﾁ,16,343
172014,石川県,金沢市,ｲｼｶﾜｹﾝ,ｶﾅｻﾞﾜｼ,17,201
172022,石川県,七尾市,ｲｼｶﾜｹﾝ,ﾅﾅｵｼ,17,202
172031,石川県,小松市,ｲｼｶﾜｹﾝ,ｺﾏﾂｼ,17,203
172049,石川県,輪島市,ｲｼｶﾜｹﾝ,ﾜｼﾞﾏｼ,17,204
172057,石川県,珠洲市,ｲｼｶﾜｹﾝ,ｽｽﾞｼ,17,205
172065,石川県,加賀市,ｲｼｶﾜｹﾝ,ｶｶﾞｼ,17,206
172073,石川県,羽咋市,ｲｼｶﾜｹﾝ,ﾊｸｲｼ,17,207
172090,石川県,かほく市,ｲｼｶﾜｹﾝ,ｶﾎｸｼ,17,209
172103,石川県,白山市,ｲｼｶﾜｹﾝ,ﾊｸｻﾝｼ,17,210
172111,石川県,能美市,ｲｼｶﾜｹﾝ,ﾉﾐｼ,17,211
172120,石川県,野々市市,ｲｼｶﾜｹﾝ,ﾉﾉｲﾁｼ,17,212
173240,石川県,川北町,ｲｼｶﾜｹﾝ,ｶﾜｷﾀﾏﾁ,17,324
173614,石川県,津幡町,ｲｼｶﾜｹﾝ,ﾂﾊﾞﾀﾏﾁ,17,361
173657,石川県,内灘町,ｲｼｶﾜｹﾝ,ｳﾁﾅﾀﾞﾏﾁ,17,365
173843,石川県,志賀町,ｲｼｶﾜｹﾝ,ｼｶﾏﾁ,17,384
173860,石川県,宝達志水町,ｲｼｶﾜｹﾝ,ﾎｳﾀﾞﾂｼﾐｽﾞﾁｮｳ,17,386
174076,石川県,中能登町,ｲｼｶﾜｹﾝ,ﾅｶﾉﾄﾏﾁ,17,407
174611,石川県,穴水町,ｲｼｶﾜｹﾝ,ｱﾅﾐｽﾞﾏﾁ,17,461
174637,石川県,能登町,ｲｼｶﾜｹﾝ,ﾉﾄﾁｮｳ,17,463
182010,福井県,福井市,ﾌｸｲｹﾝ,ﾌｸｲｼ,18,201
182028,福井県,敦賀市,ﾌｸｲｹﾝ,ﾂﾙｶﾞｼ,18,202
182044,福井県,小浜市,ﾌｸｲｹﾝ,ｵﾊﾞﾏｼ,18,204
182052,福井県,大野市,ﾌｸｲｹﾝ,ｵｵﾉｼ,18,205
182061,福井県,勝山市,ﾌｸｲｹﾝ,ｶﾂﾔﾏｼ,18,206
182079,福井県,鯖江市,ﾌｸｲｹﾝ,ｻﾊﾞｴｼ,18,207
182087,福井県,あわら市,ﾌｸｲｹﾝ,ｱﾜﾗｼ,18,208
182095,福井県,越前市,ﾌｸｲｹﾝ,ｴﾁｾﾞﾝｼ,18,209
182109,福井県,坂井市,ﾌｸｲｹﾝ,ｻｶｲｼ,18,210
183229,福井県,永平寺町,ﾌｸｲｹﾝ,ｴｲﾍｲｼﾞﾁｮｳ,18,322
183822,福井県,池田町,ﾌｸｲｹﾝ,ｲｹﾀﾞﾁｮｳ,18,382
184047,福井県,南越前町,ﾌｸｲｹﾝ,ﾐﾅﾐｴﾁｾﾞﾝﾁｮｳ,18,404
184233,福井県,越前町,ﾌｸｲｹﾝ,ｴﾁｾﾞﾝﾁｮｳ,18,423
184420,福井県,美浜町,ﾌｸｲｹﾝ,ﾐﾊﾏﾁｮｳ,18,442
184811,福井県,高浜町,ﾌｸｲｹﾝ,ﾀｶﾊﾏﾁｮｳ,18,481
184837,福井県,おおい町,ﾌｸｲｹﾝ,ｵｵｲﾁｮｳ,18,483
185019,福井県,若狭町,ﾌｸｲｹﾝ,ﾜｶｻﾁｮｳ,18,501
192015,山梨県,甲府市,ﾔﾏﾅｼｹﾝ,ｺｳﾌｼ,19,201
192023,山梨県,富士吉田市,ﾔﾏﾅｼｹﾝ,ﾌｼﾞﾖｼﾀﾞｼ,19,202
192040,山梨県,都留市,ﾔﾏﾅｼｹﾝ,ﾂﾙｼ,19,204
192058,山梨県,山梨市,ﾔﾏﾅｼｹﾝ,ﾔﾏﾅｼｼ,19,205
192066,山梨県,大月市,ﾔﾏﾅｼｹﾝ,ｵｵﾂｷｼ,19,206
192074,山梨県,韮崎市,ﾔﾏﾅｼｹﾝ,ﾆﾗｻｷｼ,19,207
192082,山梨県,南アルプス市,ﾔﾏﾅｼｹﾝ,ﾐﾅﾐｱﾙﾌﾟｽｼ,19,208
192091,山梨県,北杜市,ﾔﾏﾅｼｹﾝ,ﾎｸﾄｼ,19,209
192104,山梨県,甲斐市,ﾔﾏﾅｼｹﾝ,ｶｲｼ,19,210
192112,山梨県,笛吹市,ﾔﾏﾅｼｹﾝ,ﾌｴﾌｷｼ,19,211
192121,山梨県,上野原市,ﾔﾏﾅｼｹﾝ,ｳｴﾉﾊﾗｼ,19,212
192139,山梨県,甲州市,ﾔﾏﾅｼｹﾝ,ｺｳｼｭｳｼ,19,213
192147,山梨県,中央市,ﾔﾏﾅｼｹﾝ,ﾁｭｳｵｳｼ,19,214
193461,山梨県,市川三郷町,ﾔﾏﾅｼｹﾝ,ｲﾁｶﾜﾐｻﾄﾁｮｳ,19,346
193640,山梨県,早川町,ﾔﾏﾅｼｹﾝ,ﾊﾔｶﾜﾁｮｳ,19,364
193658,山梨県,身延町,ﾔﾏﾅｼｹﾝ,ﾐﾉﾌﾞﾁｮｳ,19,365
193666,山梨県,南部町,ﾔﾏﾅｼｹﾝ,ﾅﾝﾌﾞﾁｮｳ,19,366
193682,山梨県,富士川町,ﾔﾏﾅｼｹﾝ,ﾌｼﾞｶﾜﾁｮｳ,19,368
193844,山梨県,昭和町,ﾔﾏﾅｼｹﾝ,ｼｮｳﾜﾁｮｳ,19,384
194221,山梨県,道志村,ﾔﾏﾅｼｹﾝ,ﾄﾞｳｼﾑﾗ,19,422
194239,山梨県,西桂町,ﾔﾏﾅｼｹﾝ,ﾆｼｶﾂﾗﾁｮｳ,19,423
194247,山梨県,忍野村,ﾔﾏﾅｼｹﾝ,ｵｼﾉﾑﾗ,19,424
194255,山梨県,山中湖村,ﾔﾏﾅｼｹﾝ,ﾔﾏﾅｶｺﾑﾗ,19,425
194298,山梨県,鳴沢村,ﾔﾏﾅｼｹﾝ,ﾅﾙｻﾜﾑﾗ,19,429
194301,山梨県,富士河口湖町,ﾔﾏﾅｼｹﾝ,ﾌｼﾞｶﾜｸﾞﾁｺﾏﾁ,19,430
194425,山梨県,小菅村,ﾔﾏﾅｼｹﾝ,ｺｽｹﾞﾑﾗ,19,442
194433,山梨県,丹波山村,ﾔﾏﾅｼｹﾝ,ﾀﾊﾞﾔﾏﾑﾗ,19,443
202011,長野県,長野市,ﾅｶﾞﾉｹﾝ,ﾅｶﾞﾉｼ,20,201
202029,長野県,松本市,ﾅｶﾞﾉｹﾝ,ﾏﾂﾓﾄｼ,20,202
202037,長野県,上田市,ﾅｶﾞﾉｹﾝ,ｳｴﾀﾞｼ,20,203
202045,長野県,岡谷市,ﾅｶﾞﾉｹﾝ,ｵｶﾔｼ,20,204
202053,長野県,飯田市,ﾅｶﾞﾉｹﾝ,ｲｲﾀﾞｼ,20,205
202061,長野県,諏訪市,ﾅｶﾞﾉｹﾝ,ｽﾜｼ,20,206
202070,長野県,須坂市,ﾅｶﾞﾉｹﾝ,ｽｻﾞｶｼ,20,207
202088,長野県,小諸市,ﾅｶﾞﾉｹﾝ,ｺﾓﾛｼ,20,208
202096,長野県,伊那市,ﾅｶﾞﾉｹﾝ,ｲﾅｼ,20,209
202100,長野県,駒ヶ根市,ﾅｶﾞﾉｹﾝ,ｺﾏｶﾞﾈｼ,20,210
202118,長野県,中野市,ﾅｶﾞﾉｹﾝ,ﾅｶﾉｼ,20,211
202126,長野県,大町市,ﾅｶﾞﾉｹﾝ,ｵｵﾏﾁｼ,20,212
202134,長野県,飯山市,ﾅｶﾞﾉｹﾝ,ｲｲﾔﾏｼ,20,213
202142,長野県,茅野市,ﾅｶﾞﾉｹﾝ,ﾁﾉｼ,20,214
202151,長野県,塩尻市,ﾅｶﾞﾉｹﾝ,ｼｵｼﾞﾘｼ,20,215
202177,長野県,佐久市,ﾅｶﾞﾉｹﾝ,ｻｸｼ,20,217
202185,長野県,千曲市,ﾅｶﾞﾉｹﾝ,ﾁｸﾏｼ,20,218
202193,長野県,東御市,ﾅｶﾞﾉｹﾝ,ﾄｳﾐｼ,20,219
202207,長野県,安曇野市,ﾅｶﾞﾉｹﾝ,ｱﾂﾞﾐﾉｼ,20,220
203033,長野県,小海町,ﾅｶﾞﾉｹﾝ,ｺｳﾐﾏﾁ,20,303
203041,長野県,川上村,ﾅｶﾞﾉｹﾝ,ｶﾜｶﾐﾑﾗ,20,304
203050,長野県,南牧村,ﾅｶﾞﾉｹﾝ,ﾐﾅﾐﾏｷﾑﾗ,20,305
203068,長野県,南相木村,ﾅｶﾞﾉｹﾝ,ﾐﾅﾐｱｲｷﾑﾗ,20,306
203076,長野県,北相木村,ﾅｶﾞﾉｹﾝ,ｷﾀｱｲｷﾑﾗ,20,307
203092,長野県,佐久穂町,ﾅｶﾞﾉｹﾝ,ｻｸﾎﾏﾁ,20,309
203211,長野県,軽井沢町,ﾅｶﾞﾉｹﾝ,ｶﾙｲｻﾞﾜﾏﾁ,20,321
203238,長野県,御代田町,ﾅｶﾞﾉｹﾝ,ﾐﾖﾀﾏﾁ,20,323
203246,長野県,立科町,ﾅｶﾞﾉｹﾝ,ﾀﾃｼﾅﾏﾁ,20,324
203491,長野県,青木村,ﾅｶﾞﾉｹﾝ,ｱｵｷﾑﾗ,20,349
203505,長野県,長和町,ﾅｶﾞﾉｹﾝ,ﾅｶﾞﾜﾏﾁ,20,350
203611,長野県,下諏訪町,ﾅｶﾞﾉｹﾝ,ｼﾓｽﾜﾏﾁ,20,361
203629,長野県,富士見町,ﾅｶﾞﾉｹﾝ,ﾌｼﾞﾐﾏﾁ,20,362
203637,長野県,原村,ﾅｶﾞﾉｹﾝ,ﾊﾗﾑﾗ,20,363
203823,長野県,辰野町,ﾅｶﾞﾉｹﾝ,ﾀﾂﾉﾏﾁ,20,382
203831,長野県,箕輪町,ﾅｶﾞﾉｹﾝ,ﾐﾉﾜﾏﾁ,20,383
203840,長野県,飯島町,ﾅｶﾞﾉｹﾝ,ｲｲｼﾞﾏﾏﾁ,20,384
203858,長野県,南箕輪村,ﾅｶﾞﾉｹﾝ,ﾐﾅﾐﾐﾉﾜﾑﾗ,20,385
203866,長野県,中川村,ﾅｶﾞﾉｹﾝ,ﾅｶｶﾞﾜﾑﾗ,20,386
203882,長野県,宮田村,ﾅｶﾞﾉｹﾝ,ﾐﾔﾀﾞﾑﾗ,20,388
204021,長野県,松川町,ﾅｶﾞﾉｹﾝ,ﾏﾂｶﾜﾏﾁ,20,402
204030,長野県,高森町,ﾅｶﾞﾉｹﾝ,ﾀｶﾓﾘﾏﾁ,20,403
204048,長野県,阿南町,ﾅｶﾞﾉｹﾝ,ｱﾅﾝﾁｮｳ,20,404
204072,長野県,阿智村,ﾅｶﾞﾉｹﾝ,ｱﾁﾑﾗ,20,407
204099,長野県,平谷村,ﾅｶﾞﾉｹﾝ,ﾋﾗﾔﾑﾗ,20,409
204102,長野県,根羽村,ﾅｶﾞﾉｹﾝ,ﾈﾊﾞﾑﾗ,20,410
204111,長野県,下條村,ﾅｶﾞﾉｹﾝ,ｼﾓｼﾞｮｳﾑﾗ,20,411
204129,長野県,売木村,ﾅｶﾞﾉｹﾝ,ｳﾙｷﾞﾑﾗ,20,412
204137,長野県,天龍村,ﾅｶﾞﾉｹﾝ,ﾃﾝﾘｭｳﾑﾗ,20,413
204145,長野県,泰阜村,ﾅｶﾞﾉｹﾝ,ﾔｽｵｶﾑﾗ,20,414
204153,長野県,喬木村,ﾅｶﾞﾉｹﾝ,ﾀｶｷﾞﾑﾗ,20,415
204161,長野県,豊丘村,ﾅｶﾞﾉｹﾝ,ﾄﾖｵｶﾑﾗ,20,416
204170,長野県,大鹿村,ﾅｶﾞﾉｹﾝ,ｵｵｼｶﾑﾗ,20,417
204226,長野県,上松町,ﾅｶﾞﾉｹﾝ,ｱｹﾞﾏﾂﾏﾁ,20,422
204234,長野県,南木曽町,ﾅｶﾞﾉｹﾝ,ﾅｷﾞｿﾏﾁ,20,423
204251,長野県,木祖村,ﾅｶﾞﾉｹﾝ,ｷｿﾑﾗ,20,425
204293,長野県,王滝村,ﾅｶﾞﾉｹﾝ,ｵｳﾀｷﾑﾗ,20,429
204307,長野県,大桑村,ﾅｶﾞﾉｹﾝ,ｵｵｸﾜﾑﾗ,20,430
204323,長野県,木曽町,ﾅｶﾞﾉｹﾝ,ｷｿﾏﾁ,20,432
204463,長野県,麻績村,ﾅｶﾞﾉｹﾝ,ｵﾐﾑﾗ,20,446
204480,長野県,生坂村,ﾅｶﾞﾉｹﾝ,ｲｸｻｶﾑﾗ,20,448
204501,長野県,山形村,ﾅｶﾞﾉｹﾝ,ﾔﾏｶﾞﾀﾑﾗ,20,450
204510,長野県,朝日村,ﾅｶﾞﾉｹﾝ,ｱｻﾋﾑﾗ,20,451
204528,長野県,筑北村,ﾅｶﾞﾉｹﾝ,ﾁｸﾎｸﾑﾗ,20,452
204811,長野県,池田町,ﾅｶﾞﾉｹﾝ,ｲｹﾀﾞﾏﾁ,20,481
204820,長野県,松川村,ﾅｶﾞﾉｹﾝ,ﾏﾂｶﾜﾑﾗ,20,482
204854,長野県,白馬村,ﾅｶﾞﾉｹﾝ,ﾊｸﾊﾞﾑﾗ,20,485
204862,長野県,小谷村,ﾅｶﾞﾉｹﾝ,ｵﾀﾘﾑﾗ,20,486
205214,長野県,坂城町,ﾅｶﾞﾉｹﾝ,ｻｶｷﾏﾁ,20,521
205419,長野県,小布施町,ﾅｶﾞﾉｹﾝ,ｵﾌﾞｾﾏﾁ,20,541
205435,長野県,高山村,ﾅｶﾞﾉｹﾝ,ﾀｶﾔﾏﾑﾗ,20,543
205613,長野県,山ノ内町,ﾅｶﾞﾉｹﾝ,ﾔﾏﾉｳﾁﾏﾁ,20,561
205621,長野県,木島平村,ﾅｶﾞﾉｹﾝ,ｷｼﾞﾏﾀﾞｲﾗﾑﾗ,20,562
205630,長野県,野沢温泉村,ﾅｶﾞﾉｹﾝ,ﾉｻﾞﾜｵﾝｾﾝﾑﾗ,20,563
205834,長野県,信濃町,ﾅｶﾞﾉｹﾝ,ｼﾅﾉﾏﾁ,20,583
205885,長野県,小川村,ﾅｶﾞﾉｹﾝ,ｵｶﾞﾜﾑﾗ,20,588
205907,長野県,飯綱町,ﾅｶﾞﾉｹﾝ,ｲｲﾂﾞﾅﾏﾁ,20,590
206024,長野県,栄村,ﾅｶﾞﾉｹﾝ,ｻｶｴﾑﾗ,20,602
212016,岐阜県,岐阜市,ｷﾞﾌｹﾝ,ｷﾞﾌｼ,21,201
212024,岐阜県,大垣市,ｷﾞﾌｹﾝ,ｵｵｶﾞｷｼ,21,202
212032,岐阜県,高山市,ｷﾞﾌｹﾝ,ﾀｶﾔﾏｼ,21,203
212041,岐阜県,多治見市,ｷﾞﾌｹﾝ,ﾀｼﾞﾐｼ,21,204
212059,岐阜県,関市,ｷﾞﾌｹﾝ,ｾｷｼ,21,205
212067,岐阜県,中津川市,ｷﾞﾌｹﾝ,ﾅｶﾂｶﾞﾜｼ,21,206
212075,岐阜県,美濃市,ｷﾞﾌｹﾝ,ﾐﾉｼ,21,207
212083,岐阜県,瑞浪市,ｷﾞﾌｹﾝ,ﾐｽﾞﾅﾐｼ,21,208
212091,岐阜県,羽島市,ｷﾞﾌｹﾝ,ﾊｼﾏｼ,21,209
212105,岐阜県,恵那市,ｷﾞﾌｹﾝ,ｴﾅｼ,21,210
212113,岐阜県,美濃加茂市,ｷﾞﾌｹﾝ,ﾐﾉｶﾓｼ,21,211
212121,岐阜県,土岐市,ｷﾞﾌｹﾝ,ﾄｷｼ,21,212
212130,岐阜県,各務原市,ｷﾞﾌｹﾝ,ｶｶﾐｶﾞﾊﾗｼ,21,213
212148,岐阜県,可児市,ｷﾞﾌｹﾝ,ｶﾆｼ,21,214
212156,岐阜県,山県市,ｷﾞﾌｹﾝ,ﾔﾏｶﾞﾀｼ,21,215
212164,岐阜県,瑞穂市,ｷﾞﾌｹﾝ,ﾐｽﾞﾎｼ,21,216
212172,岐阜県,飛騨市,ｷﾞﾌｹﾝ,ﾋﾀﾞｼ,21,217
212181,岐阜県,本巣市,ｷﾞﾌｹﾝ,ﾓﾄｽｼ,21,218
212199,岐阜県,郡上市,ｷﾞﾌｹﾝ,ｸﾞｼﾞｮｳｼ,21,219
212202,岐阜県,下呂市,ｷﾞﾌｹﾝ,ｹﾞﾛｼ,21,220
212211,岐阜県,海津市,ｷﾞﾌｹﾝ,ｶｲﾂﾞｼ,21,221
213021,岐阜県,岐南町,ｷﾞﾌｹﾝ,ｷﾞﾅﾝﾁｮｳ,21,302
213039,岐阜県,笠松町,ｷﾞﾌｹﾝ,ｶｻﾏﾂﾁｮｳ,21,303
213411,岐阜県,養老町,ｷﾞﾌｹﾝ,ﾖｳﾛｳﾁｮｳ,21,341
213616,岐阜県,垂井町,ｷﾞﾌｹﾝ,ﾀﾙｲﾁｮｳ,21,361
213624,岐阜県,関ケ原町,ｷﾞﾌｹﾝ,ｾｷｶﾞﾊﾗﾁｮｳ,21,362
213811,岐阜県,神戸町,ｷﾞﾌｹﾝ,ｺﾞｳﾄﾞﾁｮｳ,21,381
213829,岐阜県,輪之内町,ｷﾞﾌｹﾝ,ﾜﾉｳﾁﾁｮｳ,21,382
213837,岐阜県,安八町,ｷﾞﾌｹﾝ,ｱﾝﾊﾟﾁﾁｮｳ,21,383
214019,岐阜県,揖斐川町,ｷﾞﾌｹﾝ,ｲﾋﾞｶﾞﾜﾁｮｳ,21,401
214035,岐阜県,大野町,ｷﾞﾌｹﾝ,ｵｵﾉﾁｮｳ,21,403
214043,岐阜県,池田町,ｷﾞﾌｹﾝ,ｲｹﾀﾞﾁｮｳ,21,404
214213,岐阜県,北方町,ｷﾞﾌｹﾝ,ｷﾀｶﾞﾀﾁｮｳ,21,421
215015,岐阜県,坂祝町,ｷﾞﾌｹﾝ,ｻｶﾎｷﾞﾁｮｳ,21,501
215023,岐阜県,富加町,ｷﾞﾌｹﾝ,ﾄﾐｶﾁｮｳ,21,502
215031,岐阜県,川辺町,ｷﾞﾌｹﾝ,ｶﾜﾍﾞﾁｮｳ,21,503
215040,岐阜県,七宗町,ｷﾞﾌｹﾝ,ﾋﾁｿｳﾁｮｳ,21,504
215058,岐阜県,八百津町,ｷﾞﾌｹﾝ,ﾔｵﾂﾁｮｳ,21,505
215066,岐阜県,白川町,ｷﾞﾌｹﾝ,ｼﾗｶﾜﾁｮｳ,21,506
215074,岐阜県,東白川村,ｷﾞﾌｹﾝ,ﾋｶﾞｼｼﾗｶﾜﾑﾗ,21,507
215210,岐阜県,御嵩町,ｷﾞﾌｹﾝ,ﾐﾀｹﾁｮｳ,21,521
216046,岐阜県,白川村,ｷﾞﾌｹﾝ,ｼﾗｶﾜﾑﾗ,21,604
221007,静岡県,静岡市,ｼｽﾞｵｶｹﾝ,ｼｽﾞｵｶｼ,22,100
221309,静岡県,浜松市,ｼｽﾞｵｶｹﾝ,ﾊﾏﾏﾂｼ,22,130
222038,静岡県,沼津市,ｼｽﾞｵｶｹﾝ,ﾇﾏﾂﾞｼ,22,203
222054,静岡県,熱海市,ｼｽﾞｵｶｹﾝ,ｱﾀﾐｼ,22,205
222062,静岡県,三島市,ｼｽﾞｵｶｹﾝ,ﾐｼﾏｼ,22,206
222071,静岡県,富士宮市,ｼｽﾞｵｶｹﾝ,ﾌｼﾞﾉﾐﾔｼ,22,207
222089,静岡県,伊東市,ｼｽﾞｵｶｹﾝ,ｲﾄｳｼ,22,208
222097,静岡県,島田市,ｼｽﾞｵｶｹﾝ,ｼﾏﾀﾞｼ,22,209
222101,静岡県,富士市,ｼｽﾞｵｶｹﾝ,ﾌｼﾞｼ,22,210
222119,静岡県,磐田市,ｼｽﾞｵｶｹﾝ,ｲﾜﾀｼ,22,211
222127,静岡県,焼津市,ｼｽﾞｵｶｹﾝ,ﾔｲﾂﾞｼ,22,212
222135,静岡県,掛川市,ｼｽﾞｵｶｹﾝ,ｶｹｶﾞﾜｼ,22,213
222143,静岡県,藤枝市,ｼｽﾞｵｶｹﾝ,ﾌｼﾞｴﾀﾞｼ,22,214
222151,静岡県,御殿場市,ｼｽﾞｵｶｹﾝ,ｺﾞﾃﾝﾊﾞｼ,22,215
222160,静岡県,袋井市,ｼｽﾞｵｶｹﾝ,ﾌｸﾛｲｼ,22,216
222194,静岡県,下田市,ｼｽﾞｵｶｹﾝ,ｼﾓﾀﾞｼ,22,219
222208,静岡県,裾野市,ｼｽﾞｵｶｹﾝ,ｽｿﾉｼ,22,220
222216,静岡県,湖西市,ｼｽﾞｵｶｹﾝ,ｺｻｲｼ,22,221
222224,静岡県,伊豆市,ｼｽﾞｵｶｹﾝ,ｲｽﾞｼ,22,222
222232,静岡県,御前崎市,ｼｽﾞｵｶｹﾝ,ｵﾏｴｻﾞｷｼ,22,223
222241,静岡県,菊川市,ｼｽﾞｵｶｹﾝ,ｷｸｶﾞﾜｼ,22,224
222259,静岡県,伊豆の国市,ｼｽﾞｵｶｹﾝ,ｲｽﾞﾉｸﾆｼ,22,225
222267,静岡県,牧之原市,ｼｽﾞｵｶｹﾝ,ﾏｷﾉﾊﾗｼ,22,226
223018,静岡県,東伊豆町,ｼｽﾞｵｶｹﾝ,ﾋｶﾞｼｲｽﾞﾁｮｳ,22,301
223026,静岡県,河津町,ｼｽﾞｵｶｹﾝ,ｶﾜﾂﾞﾁｮｳ,22,302
223042,静岡県,南伊豆町,ｼｽﾞｵｶｹﾝ,ﾐﾅﾐｲｽﾞﾁｮｳ,22,304
223051,静岡県,松崎町,ｼｽﾞｵｶｹﾝ,ﾏﾂｻﾞｷﾁｮｳ,22,305
223069,静岡県,西伊豆町,ｼｽﾞｵｶｹﾝ,ﾆｼｲｽﾞﾁｮｳ,22,306
223255,静岡県,函南町,ｼｽﾞｵｶｹﾝ,ｶﾝﾅﾐﾁｮｳ,22,325
223417,静岡県,清水町,ｼｽﾞｵｶｹﾝ,ｼﾐｽﾞﾁｮｳ,22,341
223425,静岡県,長泉町,ｼｽﾞｵｶｹﾝ,ﾅｶﾞｲｽﾞﾐﾁｮｳ,22,342
223441,静岡県,小山町,ｼｽﾞｵｶｹﾝ,ｵﾔﾏﾁｮｳ,22,344
224243,静岡県,吉田町,ｼｽﾞｵｶｹﾝ,ﾖｼﾀﾞﾁｮｳ,22,424
224294,静岡県,川根本町,ｼｽﾞｵｶｹﾝ,ｶﾜﾈﾎﾝﾁｮｳ,22,429
224618,静岡県,森町,ｼｽﾞｵｶｹﾝ,ﾓﾘﾏﾁ,22,461
231002,愛知県,名古屋市,ｱｲﾁｹﾝ,ﾅｺﾞﾔｼ,23,100
232017,愛知県,豊橋市,ｱｲﾁｹﾝ,ﾄﾖﾊｼｼ,23,201
232025,愛知県,岡崎市,ｱｲﾁｹﾝ,ｵｶｻﾞｷｼ,23,202
232033,愛知県,一宮市,ｱｲﾁｹﾝ,ｲﾁﾉﾐﾔｼ,23,203
232041,愛知県,瀬戸市,ｱｲﾁｹﾝ,ｾﾄｼ,23,204
232050,愛知県,半田市,ｱｲﾁｹﾝ,ﾊﾝﾀﾞｼ,23,205
232068,愛知県,春日井市,ｱｲﾁｹﾝ,ｶｽｶﾞｲｼ,23,206
232076,愛知県,豊川市,ｱｲﾁｹﾝ,ﾄﾖｶﾜｼ,23,207
232084,愛知県,津島市,ｱｲﾁｹﾝ,ﾂｼﾏｼ,23,208
232092,愛知県,碧南市,ｱｲﾁｹﾝ,ﾍｷﾅﾝｼ,23,209
232106,愛知県,刈谷市,ｱｲﾁｹﾝ,ｶﾘﾔｼ,23,210
232114,愛知県,豊田市,ｱｲﾁｹﾝ,ﾄﾖﾀｼ,23,211
232122,愛知県,安城市,ｱｲﾁｹﾝ,ｱﾝｼﾞｮｳｼ,23,212
232131,愛知県,西尾市,ｱｲﾁｹﾝ,ﾆｼｵｼ,23,213
232149,愛知県,蒲郡市,ｱｲﾁｹﾝ,ｶﾞﾏｺﾞｵﾘｼ,23,214
232157,愛知県,犬山市,ｱｲﾁｹﾝ,ｲﾇﾔﾏｼ,23,215
232165,愛知県,常滑市,ｱｲﾁｹﾝ,ﾄｺﾅﾒｼ,23,216
232173,愛知県,江南市,ｱｲﾁｹﾝ,ｺｳﾅﾝｼ,23,217
232190,愛知県,小牧市,ｱｲﾁｹﾝ,ｺﾏｷｼ,23,219
232203,愛知県,稲沢市,ｱｲﾁｹﾝ,ｲﾅｻﾞﾜｼ,23,220
232211,愛知県,新城市,ｱｲﾁｹﾝ,ｼﾝｼﾛｼ,23,221
232220,愛知県,東海市,ｱｲﾁｹﾝ,ﾄｳｶｲｼ,23,222
232238,愛知県,大府市,ｱｲﾁｹﾝ,ｵｵﾌﾞｼ,23,223
232246,愛知県,知多市,ｱｲﾁｹﾝ,ﾁﾀｼ,23,224
232254,愛知県,知立市,ｱｲﾁｹﾝ,ﾁﾘｭｳｼ,23,225
232262,愛知県,尾張旭市,ｱｲﾁｹﾝ,ｵﾜﾘｱｻﾋｼ,23,226
232271,愛知県,高浜市,ｱｲﾁｹﾝ,ﾀｶﾊﾏｼ,23,227
232289,愛知県,岩倉市,ｱｲﾁｹﾝ,ｲﾜｸﾗｼ,23,228
232297,愛知県,豊明市,ｱｲﾁｹﾝ,ﾄﾖｱｹｼ,23,229
232301,愛知県,日進市,ｱｲﾁｹﾝ,ﾆｯｼﾝｼ,23,230
232319,愛知県,田原市,ｱｲﾁｹﾝ,ﾀﾊﾗｼ,23,231
232327,愛知県,愛西市,ｱｲﾁｹﾝ,ｱｲｻｲｼ,23,232
232335,愛知県,清須市,ｱｲﾁｹﾝ,ｷﾖｽｼ,23,233
232343,愛知県,北名古屋市,ｱｲﾁｹﾝ,ｷﾀﾅｺﾞﾔｼ,23,234
232351,愛知県,弥富市,ｱｲﾁｹﾝ,ﾔﾄﾐｼ,23,235
232360,愛知県,みよし市,ｱｲﾁｹﾝ,ﾐﾖｼｼ,23,236
232378,愛知県,あま市,ｱｲﾁｹﾝ,ｱﾏｼ,23,237
232386,愛知県,長久手市,ｱｲﾁｹﾝ,ﾅｶﾞｸﾃｼ,23,238
233021,愛知県,東郷町,ｱｲﾁｹﾝ,ﾄｳｺﾞｳﾁｮｳ,23,302
233421,愛知県,豊山町,ｱｲﾁｹﾝ,ﾄﾖﾔﾏﾁｮｳ,23,342
233617,愛知県,大口町,ｱｲﾁｹﾝ,ｵｵｸﾞﾁﾁｮｳ,23,361
233625,愛知県,扶桑町,ｱｲﾁｹﾝ,ﾌｿｳﾁｮｳ,23,362
234249,愛知県,大治町,ｱｲﾁｹﾝ,ｵｵﾊﾙﾁｮｳ,23,424
234257,愛知県,蟹江町,ｱｲﾁｹﾝ,ｶﾆｴﾁｮｳ,23,425
234273,愛知県,飛島村,ｱｲﾁｹﾝ,ﾄﾋﾞｼﾏﾑﾗ,23,427
234419,愛知県,阿久比町,ｱｲﾁｹﾝ,ｱｸﾞｲﾁｮｳ,23,441
234427,愛知県,東浦町,ｱｲﾁｹﾝ,ﾋｶﾞｼｳﾗﾁｮｳ,23,442
234451,愛知県,南知多町,ｱｲﾁｹﾝ,ﾐﾅﾐﾁﾀﾁｮｳ,23,445
234460,愛知県,美浜町,ｱｲﾁｹﾝ,ﾐﾊﾏﾁｮｳ,23,446
234478,愛知県,武豊町,ｱｲﾁｹﾝ,ﾀｹﾄﾖﾁｮｳ,23,447
235016,愛知県,幸田町,ｱｲﾁｹﾝ,ｺｳﾀﾁｮｳ,23,501
235610,愛知県,設楽町,ｱｲﾁｹﾝ,ｼﾀﾗﾁｮｳ,23,561
235628,愛知県,東栄町,ｱｲﾁｹﾝ,ﾄｳｴｲﾁｮｳ,23,562
235636,愛知県,豊根村,ｱｲﾁｹﾝ,ﾄﾖﾈﾑﾗ,23,563
242012,三重県,津市,ﾐｴｹﾝ,ﾂｼ,24,201
242021,三重県,四日市市,ﾐｴｹﾝ,ﾖｯｶｲﾁｼ,24,202
242039,三重県,伊勢市,ﾐｴｹﾝ,ｲｾｼ,24,203
242047,三重県,松阪市,ﾐｴｹﾝ,ﾏﾂｻｶｼ,24,204
242055,三重県,桑名市,ﾐｴｹﾝ,ｸﾜﾅｼ,24,205
242071,三重県,鈴鹿市,ﾐｴｹﾝ,ｽｽﾞｶｼ,24,207
242080,三重県,名張市,ﾐｴｹﾝ,ﾅﾊﾞﾘｼ,24,208
242098,三重県,尾鷲市,ﾐｴｹﾝ,ｵﾜｾｼ,24,209
242101,三重県,亀山市,ﾐｴｹﾝ,ｶﾒﾔﾏｼ,24,210
242110,三重県,鳥羽市,ﾐｴｹﾝ,ﾄﾊﾞｼ,24,211
242128,三重県,熊野市,ﾐｴｹﾝ,ｸﾏﾉｼ,24,212
242144,三重県,いなべ市,ﾐｴｹﾝ,ｲﾅﾍﾞｼ,24,214
242152,三重県,志摩市,ﾐｴｹﾝ,ｼﾏｼ,24,215
242161,三重県,伊賀市,ﾐｴｹﾝ,ｲｶﾞｼ,24,216
243035,三重県,木曽岬町,ﾐｴｹﾝ,ｷｿｻｷﾁｮｳ,24,303
243248,三重県,東員町,ﾐｴｹﾝ,ﾄｳｲﾝﾁｮｳ,24,324
243418,三重県,菰野町,ﾐｴｹﾝ,ｺﾓﾉﾁｮｳ,24,341
243434,三重県,朝日町,ﾐｴｹﾝ,ｱｻﾋﾁｮｳ,24,343
243442,三重県,川越町,ﾐｴｹﾝ,ｶﾜｺﾞｴﾁｮｳ,24,344
244414,三重県,多気町,ﾐｴｹﾝ,ﾀｷﾁｮｳ,24,441
244422,三重県,明和町,ﾐｴｹﾝ,ﾒｲﾜﾁｮｳ,24,442
244431,三重県,大台町,ﾐｴｹﾝ,ｵｵﾀﾞｲﾁｮｳ,24,443
244619,三重県,玉城町,ﾐｴｹﾝ,ﾀﾏｷﾁｮｳ,24,461
244708,三重県,度会町,ﾐｴｹﾝ,ﾜﾀﾗｲﾁｮｳ,24,470
244716,三重県,大紀町,ﾐｴｹﾝ,ﾀｲｷﾁｮｳ,24,471
244724,三重県,南伊勢町,ﾐｴｹﾝ,ﾐﾅﾐｲｾﾁｮｳ,24,472
245437,三重県,紀北町,ﾐｴｹﾝ,ｷﾎｸﾁｮｳ,24,543
245615,三重県,御浜町,ﾐｴｹﾝ,ﾐﾊﾏﾁｮｳ,24,561
245623,三重県,紀宝町,ﾐｴｹﾝ,ｷﾎｳﾁｮｳ,24,562
252018,滋賀県,大津市,ｼｶﾞｹﾝ,ｵｵﾂｼ,25,201
252026,滋賀県,彦根市,ｼｶﾞｹﾝ,ﾋｺﾈｼ,25,202
252034,滋賀県,長浜市,ｼｶﾞｹﾝ,ﾅｶﾞﾊﾏｼ,25,203
252042,滋賀県,近江八幡市,ｼｶﾞｹﾝ,ｵｳﾐﾊﾁﾏﾝｼ,25,204
252069,滋賀県,草津市,ｼｶﾞｹﾝ,ｸｻﾂｼ,25,206
252077,滋賀県,守山市,ｼｶﾞｹﾝ,ﾓﾘﾔﾏｼ,25,207
252085,滋賀県,栗東市,ｼｶﾞｹﾝ,ﾘｯﾄｳｼ,25,208
252093,滋賀県,甲賀市,ｼｶﾞｹﾝ,ｺｳｶｼ,25,209
252107,滋賀県,野洲市,ｼｶﾞｹﾝ,ﾔｽｼ,25,210
252115,滋賀県,湖南市,ｼｶﾞｹﾝ,ｺﾅﾝｼ,25,211
252123,滋賀県,高島市,ｼｶﾞｹﾝ,ﾀｶｼﾏｼ,25,212
252131,滋賀県,東近江市,ｼｶﾞｹﾝ,ﾋｶﾞｼｵｳﾐｼ,25,213
252140,滋賀県,米原市,ｼｶﾞｹﾝ,ﾏｲﾊﾞﾗｼ,25,214
253839,滋賀県,日野町,ｼｶﾞｹﾝ,ﾋﾉﾁｮｳ,25,383
253847,滋賀県,竜王町,ｼｶﾞｹﾝ,ﾘﾕｳｵｳﾁｮｳ,25,384
254258,滋賀県,愛荘町,ｼｶﾞｹﾝ,ｱｲｼｮｳﾁｮｳ,25,425
254410,滋賀県,豊郷町,ｼｶﾞｹﾝ,ﾄﾖｻﾄﾁｮｳ,25,441
254428,滋賀県,甲良町,ｼｶﾞｹﾝ,ｺｳﾗﾁｮｳ,25,442
254436,滋賀県,多賀町,ｼｶﾞｹﾝ,ﾀｶﾞﾁｮｳ,25,443
261009,京都府,京都市,ｷｮｳﾄﾌ,ｷｮｳﾄｼ,26,100
262013,京都府,福知山市,ｷｮｳﾄﾌ,ﾌｸﾁﾔﾏｼ,26,201
262021,京都府,舞鶴市,ｷｮｳﾄﾌ,ﾏｲﾂﾞﾙｼ,26,202
262030,京都府,綾部市,ｷｮｳﾄﾌ,ｱﾔﾍﾞｼ,26,203
262048,京都府,宇治市,ｷｮｳﾄﾌ,ｳｼﾞｼ,26,204
262056,京都府,宮津市,ｷｮｳﾄﾌ,ﾐﾔﾂﾞｼ,26,205
262064,京都府,亀岡市,ｷｮｳﾄﾌ,ｶﾒｵｶｼ,26,206
262072,京都府,城陽市,ｷｮｳﾄﾌ,ｼﾞｮｳﾖｳｼ,26,207
262081,京都府,向日市,ｷｮｳﾄﾌ,ﾑｺｳｼ,26,208
262099,京都府,長岡京市,ｷｮｳﾄﾌ,ﾅｶﾞｵｶｷｮｳｼ,26,209
262102,京都府,八幡市,ｷｮｳﾄﾌ,ﾔﾜﾀｼ,26,210
262111,京都府,京田辺市,ｷｮｳﾄﾌ,ｷｮｳﾀﾅﾍﾞｼ,26,211
262129,京都府,京丹後市,ｷｮｳﾄﾌ,ｷｮｳﾀﾝｺﾞｼ,26,212
262137,京都府,南丹市,ｷｮｳﾄﾌ,ﾅﾝﾀﾝｼ,26,213
262145,京都府,木津川市,ｷｮｳﾄﾌ,ｷﾂﾞｶﾞﾜｼ,26,214
263036,京都府,大山崎町,ｷｮｳﾄﾌ,ｵｵﾔﾏｻﾞｷﾁｮｳ,26,303
263222,京都府,久御山町,ｷｮｳﾄﾌ,ｸﾐﾔﾏﾁｮｳ,26,322
263435,京都府,井手町,ｷｮｳﾄﾌ,ｲﾃﾞﾁｮｳ,26,343
263443,京都府,宇治田原町,ｷｮｳﾄﾌ,ｳｼﾞﾀﾜﾗﾁｮｳ,26,344
263648,京都府,笠置町,ｷｮｳﾄﾌ,ｶｻｷﾞﾁｮｳ,26,364
263656,京都府,和束町,ｷｮｳﾄﾌ,ﾜﾂﾞｶﾁｮｳ,26,365
263664,京都府,精華町,ｷｮｳﾄﾌ,ｾｲｶﾁｮｳ,26,366
263672,京都府,南山城村,ｷｮｳﾄﾌ,ﾐﾅﾐﾔﾏｼﾛﾑﾗ,26,367
264075,京都府,京丹波町,ｷｮｳﾄﾌ,ｷｮｳﾀﾝﾊﾞﾁｮｳ,26,407
264636,京都府,伊根町,ｷｮｳﾄﾌ,ｲﾈﾁｮｳ,26,463
264652,京都府,与謝野町,ｷｮｳﾄﾌ,ﾖｻﾉﾁｮｳ,26,465
271004,大阪府,大阪市,ｵｵｻｶﾌ,ｵｵｻｶｼ,27,100
271403,大阪府,堺市,ｵｵｻｶﾌ,ｻｶｲｼ,27,140
272027,大阪府,岸和田市,ｵｵｻｶﾌ,ｷｼﾜﾀﾞｼ,27,202
272035,大阪府,豊中市,ｵｵｻｶﾌ,ﾄﾖﾅｶｼ,27,203
272043,大阪府,池田市,ｵｵｻｶﾌ,ｲｹﾀﾞｼ,27,204
272051,大阪府,吹田市,ｵｵｻｶﾌ,ｽｲﾀｼ,27,205
272060,大阪府,泉大津市,ｵｵｻｶﾌ,ｲｽﾞﾐｵｵﾂｼ,27,206
272078,大阪府,高槻市,ｵｵｻｶﾌ,ﾀｶﾂｷｼ,27,207
272086,大阪府,貝塚市,ｵｵｻｶﾌ,ｶｲﾂﾞｶｼ,27,208
272094,大阪府,守口市,ｵｵｻｶﾌ,ﾓﾘｸﾞﾁｼ,27,209
272108,大阪府,枚方市,ｵｵｻｶﾌ,ﾋﾗｶﾀｼ,27,210
272116,大阪府,茨木市,ｵｵｻｶﾌ,ｲﾊﾞﾗｷｼ,27,211
272124,大阪府,八尾市,ｵｵｻｶﾌ,ﾔｵｼ,27,212
272132,大阪府,泉佐野市,ｵｵｻｶﾌ,ｲｽﾞﾐｻﾉｼ,27,213
272141,大阪府,富田林市,ｵｵｻｶﾌ,ﾄﾝﾀﾞﾊﾞﾔｼｼ,27,214
272159,大阪府,寝屋川市,ｵｵｻｶﾌ,ﾈﾔｶﾞﾜｼ,27,215
272167,大阪府,河内長野市,ｵｵｻｶﾌ,ｶﾜﾁﾅｶﾞﾉｼ,27,216
272175,大阪府,松原市,ｵｵｻｶﾌ,ﾏﾂﾊﾞﾗｼ,27,217
272183,大阪府,大東市,ｵｵｻｶﾌ,ﾀﾞｲﾄｳｼ,27,218
272191,大阪府,和泉市,ｵｵｻｶﾌ,ｲｽﾞﾐｼ,27,219
272205,大阪府,箕面市,ｵｵｻｶﾌ,ﾐﾉｵｼ,27,220
272213,大阪府,柏原市,ｵｵｻｶﾌ,ｶｼﾜﾗｼ,27,221
272221,大阪府,羽曳野市,ｵｵｻｶﾌ,ﾊﾋﾞｷﾉｼ,27,222
272230,大阪府,門真市,ｵｵｻｶﾌ,ｶﾄﾞﾏｼ,27,223
272248,大阪府,摂津市,ｵｵｻｶﾌ,ｾｯﾂｼ,27,224
272256,大阪府,高石市,ｵｵｻｶﾌ,ﾀｶｲｼｼ,27,225
272264,大阪府,藤井寺市,ｵｵｻｶﾌ,ﾌｼﾞｲﾃﾞﾗｼ,27,226
272272,大阪府,東大阪市,ｵｵｻｶﾌ,ﾋｶﾞｼｵｵｻｶｼ,27,227
272281,大阪府,泉南市,ｵｵｻｶﾌ,ｾﾝﾅﾝｼ,27,228
272299,大阪府,四條畷市,ｵｵｻｶﾌ,ｼｼﾞﾖｳﾅﾜﾃｼ,27,229
272302,大阪府,交野市,ｵｵｻｶﾌ,ｶﾀﾉｼ,27,230
272311,大阪府,大阪狭山市,ｵｵｻｶﾌ,ｵｵｻｶｻﾔﾏｼ,27,231
272329,大阪府,阪南市,ｵｵｻｶﾌ,ﾊﾝﾅﾝｼ,27,232
273015,大阪府,島本町,ｵｵｻｶﾌ,ｼﾏﾓﾄﾁｮｳ,27,301
273210,大阪府,豊能町,ｵｵｻｶﾌ,ﾄﾖﾉﾁｮｳ,27,321
273228,大阪府,能勢町,ｵｵｻｶﾌ,ﾉｾﾁｮｳ,27,322
273414,大阪府,忠岡町,ｵｵｻｶﾌ,ﾀﾀﾞｵｶﾁｮｳ,27,341
273619,大阪府,熊取町,ｵｵｻｶﾌ,ｸﾏﾄﾘﾁｮｳ,27,361
273627,大阪府,田尻町,ｵｵｻｶﾌ,ﾀｼﾞﾘﾁｮｳ,27,362
273660,大阪府,岬町,ｵｵｻｶﾌ,ﾐｻｷﾁｮｳ,27,366
273813,大阪府,太子町,ｵｵｻｶﾌ,ﾀｲｼﾁｮｳ,27,381
273821,大阪府,河南町,ｵｵｻｶﾌ,ｶﾅﾝﾁｮｳ,27,382
273830,大阪府,千早赤阪村,ｵｵｻｶﾌ,ﾁﾊﾔｱｶｻｶﾑﾗ,27,383
281000,兵庫県,神戸市,ﾋｮｳｺﾞｹﾝ,ｺｳﾍﾞｼ,28,100
282014,兵庫県,姫路市,ﾋｮｳｺﾞｹﾝ,ﾋﾒｼﾞｼ,28,201
282022,兵庫県,尼崎市,ﾋｮｳｺﾞｹﾝ,ｱﾏｶﾞｻｷｼ,28,202
282031,兵庫県,明石市,ﾋｮｳｺﾞｹﾝ,ｱｶｼｼ,28,203
282049,兵庫県,西宮市,ﾋｮｳｺﾞｹﾝ,ﾆｼﾉﾐﾔｼ,28,204
282057,兵庫県,洲本市,ﾋｮｳｺﾞｹﾝ,ｽﾓﾄｼ,28,205
282065,兵庫県,芦屋市,ﾋｮｳｺﾞｹﾝ,ｱｼﾔｼ,28,206
282073,兵庫県,伊丹市,ﾋｮｳｺﾞｹﾝ,ｲﾀﾐｼ,28,207
282081,兵庫県,相生市,ﾋｮｳｺﾞｹﾝ,ｱｲｵｲｼ,28,208
282090,兵庫県,豊岡市,ﾋｮｳｺﾞｹﾝ,ﾄﾖｵｶｼ,28,209
282103,兵庫県,加古川市,ﾋｮｳｺﾞｹﾝ,ｶｺｶﾞﾜｼ,28,210
282120,兵庫県,赤穂市,ﾋｮｳｺﾞｹﾝ,ｱｺｳｼ,28,212
282138,兵庫県,西脇市,ﾋｮｳｺﾞｹﾝ,ﾆｼﾜｷｼ,28,213
282146,兵庫県,宝塚市,ﾋｮｳｺﾞｹﾝ,ﾀｶﾗﾂﾞｶｼ,28,214
282154,兵庫県,三木市,ﾋｮｳｺﾞｹﾝ,ﾐｷｼ,28,215
282162,兵庫県,高砂市,ﾋｮｳｺﾞｹﾝ,ﾀｶｻｺﾞｼ,28,216
282171,兵庫県,川西市,ﾋｮｳｺﾞｹﾝ,ｶﾜﾆｼｼ,28,217
282189,兵庫県,小野市,ﾋｮｳｺﾞｹﾝ,ｵﾉｼ,28,218
282197,兵庫県,三田市,ﾋｮｳｺﾞｹﾝ,ｻﾝﾀﾞｼ,28,219
282201,兵庫県,加西市,ﾋｮｳｺﾞｹﾝ,ｶｻｲｼ,28,220
282219,兵庫県,丹波篠山市,ﾋｮｳｺﾞｹﾝ,ﾀﾝﾊﾞｻｻﾔﾏｼ,28,221
282227,兵庫県,養父市,ﾋｮｳｺﾞｹﾝ,ﾔﾌﾞｼ,28,222
282235,兵庫県,丹波市,ﾋｮｳｺﾞｹﾝ,ﾀﾝﾊﾞｼ,28,223
282243,兵庫県,南あわじ市,ﾋｮｳｺﾞｹﾝ,ﾐﾅﾐｱﾜｼﾞｼ,28,224
282251,兵庫県,朝来市,ﾋｮｳｺﾞｹﾝ,ｱｻｺﾞｼ,28,225
282260,兵庫県,淡路市,ﾋｮｳｺﾞｹﾝ,ｱﾜｼﾞｼ,28,226
282278,兵庫県,宍粟市,ﾋｮｳｺﾞｹﾝ,ｼｿｳｼ,28,227
282286,兵庫県,加東市,ﾋｮｳｺﾞｹﾝ,ｶﾄｳｼ,28,228
282294,兵庫県,たつの市,ﾋｮｳｺﾞｹﾝ,ﾀﾂﾉｼ,28,229
283011,兵庫県,猪名川町,ﾋｮｳｺﾞｹﾝ,ｲﾅｶﾞﾜﾁｮｳ,28,301
283657,兵庫県,多可町,ﾋｮｳｺﾞｹﾝ,ﾀｶﾁｮｳ,28,365
283819,兵庫県,稲美町,ﾋｮｳｺﾞｹﾝ,ｲﾅﾐﾁｮｳ,28,381
283827,兵庫県,播磨町,ﾋｮｳｺﾞｹﾝ,ﾊﾘﾏﾁｮｳ,28,382
284424,兵庫県,市川町,ﾋｮｳｺﾞｹﾝ,ｲﾁｶﾜﾁｮｳ,28,442
284432,兵庫県,福崎町,ﾋｮｳｺﾞｹﾝ,ﾌｸｻｷﾁｮｳ,28,443
284467,兵庫県,神河町,ﾋｮｳｺﾞｹﾝ,ｶﾐｶﾜﾁｮｳ,28,446
284645,兵庫県,太子町,ﾋｮｳｺﾞｹﾝ,ﾀｲｼﾁｮｳ,28,464
284815,兵庫県,上郡町,ﾋｮｳｺﾞｹﾝ,ｶﾐｺﾞｵﾘﾁｮｳ,28,481
285013,兵庫県,佐用町,ﾋｮｳｺﾞｹﾝ,ｻﾖｳﾁｮｳ,28,501
285854,兵庫県,香美町,ﾋｮｳｺﾞｹﾝ,ｶﾐﾁｮｳ,28,585
285862,兵庫県,新温泉町,ﾋｮｳｺﾞｹﾝ,ｼﾝｵﾝｾﾝﾁｮｳ,28,586
292010,奈良県,奈良市,ﾅﾗｹﾝ,ﾅﾗｼ,29,201
292028,奈良県,大和高田市,ﾅﾗｹﾝ,ﾔﾏﾄﾀｶﾀﾞｼ,29,202
292036,奈良県,大和郡山市,ﾅﾗｹﾝ,ﾔﾏﾄｺｵﾘﾔﾏｼ,29,203
292044,奈良県,天理市,ﾅﾗｹﾝ,ﾃﾝﾘｼ,29,204
292052,奈良県,橿原市,ﾅﾗｹﾝ,ｶｼﾊﾗｼ,29,205
292061,奈良県,桜井市,ﾅﾗｹﾝ,ｻｸﾗｲｼ,29,206
292079,奈良県,五條市,ﾅﾗｹﾝ,ｺﾞｼﾞｮｳｼ,29,207
292087,奈良県,御所市,ﾅﾗｹﾝ,ｺﾞｾｼ,29,208
292095,奈良県,生駒市,ﾅﾗｹﾝ,ｲｺﾏｼ,29,209
292109,奈良県,香芝市,ﾅﾗｹﾝ,ｶｼﾊﾞｼ,29,210
292117,奈良県,葛城市,ﾅﾗｹﾝ,ｶﾂﾗｷﾞｼ,29,211
292125,奈良県,宇陀市,ﾅﾗｹﾝ,ｳﾀﾞｼ,29,212
293229,奈良県,山添村,ﾅﾗｹﾝ,ﾔﾏｿﾞｴﾑﾗ,29,322
293423,奈良県,平群町,ﾅﾗｹﾝ,ﾍｸﾞﾘﾁｮｳ,29,342
293431,奈良県,三郷町,ﾅﾗｹﾝ,ｻﾝｺﾞｳﾁｮｳ,29,343
293440,奈良県,斑鳩町,ﾅﾗｹﾝ,ｲｶﾙｶﾞﾁｮｳ,29,344
293458,奈良県,安堵町,ﾅﾗｹﾝ,ｱﾝﾄﾞﾁｮｳ,29,345
293610,奈良県,川西町,ﾅﾗｹﾝ,ｶﾜﾆｼﾁｮｳ,29,361
293628,奈良県,三宅町,ﾅﾗｹﾝ,ﾐﾔｹﾁｮｳ,29,362
293636,奈良県,田原本町,ﾅﾗｹﾝ,ﾀﾜﾗﾓﾄﾁｮｳ,29,363
293857,奈良県,曽爾村,ﾅﾗｹﾝ,ｿﾆﾑﾗ,29,385
293865,奈良県,御杖村,ﾅﾗｹﾝ,ﾐﾂｴﾑﾗ,29,386
294012,奈良県,高取町,ﾅﾗｹﾝ,ﾀｶﾄﾘﾁｮｳ,29,401
294021,奈良県,明日香村,ﾅﾗｹﾝ,ｱｽｶﾑﾗ,29,402
294241,奈良県,上牧町,ﾅﾗｹﾝ,ｶﾝﾏｷﾁｮｳ,29,424
294250,奈良県,王寺町,ﾅﾗｹﾝ,ｵｳｼﾞﾁｮｳ,29,425
294268,奈良県,広陵町,ﾅﾗｹﾝ,ｺｳﾘﾖｳﾁｮｳ,29,426
294276,奈良県,河合町,ﾅﾗｹﾝ,ｶﾜｲﾁｮｳ,29,427
294411,奈良県,吉野町,ﾅﾗｹﾝ,ﾖｼﾉﾁｮｳ,29,441
294420,奈良県,大淀町,ﾅﾗｹﾝ,ｵｵﾖﾄﾞﾁｮｳ,29,442
294438,奈良県,下市町,ﾅﾗｹﾝ,ｼﾓｲﾁﾁｮｳ,29,443
294446,奈良県,黒滝村,ﾅﾗｹﾝ,ｸﾛﾀｷﾑﾗ,29,444
294462,奈良県,天川村,ﾅﾗｹﾝ,ﾃﾝｶﾜﾑﾗ,29,446
294471,奈良県,野迫川村,ﾅﾗｹﾝ,ﾉｾｶﾞﾜﾑﾗ,29,447
294497,奈良県,十津川村,ﾅﾗｹﾝ,ﾄﾂｶﾜﾑﾗ,29,449
294501,奈良県,下北山村,ﾅﾗｹﾝ,ｼﾓｷﾀﾔﾏﾑﾗ,29,450
294519,奈良県,上北山村,ﾅﾗｹﾝ,ｶﾐｷﾀﾔﾏﾑﾗ,29,451
294527,奈良県,川上村,ﾅﾗｹﾝ,ｶﾜｶﾐﾑﾗ,29,452
294535,奈良県,東吉野村,ﾅﾗｹﾝ,ﾋｶﾞｼﾖｼﾉﾑﾗ,29,453
302015,和歌山県,和歌山市,ﾜｶﾔﾏｹﾝ,ﾜｶﾔﾏｼ,30,201
302023,和歌山県,海南市,ﾜｶﾔﾏｹﾝ,ｶｲﾅﾝｼ,30,202
302031,和歌山県,橋本市,ﾜｶﾔﾏｹﾝ,ﾊｼﾓﾄｼ,30,203
302040,和歌山県,有田市,ﾜｶﾔﾏｹﾝ,ｱﾘﾀﾞｼ,30,204
302058,和歌山県,御坊市,ﾜｶﾔﾏｹﾝ,ｺﾞﾎﾞｳｼ,30,205
302066,和歌山県,田辺市,ﾜｶﾔﾏｹﾝ,ﾀﾅﾍﾞｼ,30,206
302074,和歌山県,新宮市,ﾜｶﾔﾏｹﾝ,ｼﾝｸﾞｳｼ,30,207
302082,和歌山県,紀の川市,ﾜｶﾔﾏｹﾝ,ｷﾉｶﾜｼ,30,208
302091,和歌山県,岩出市,ﾜｶﾔﾏｹﾝ,ｲﾜﾃﾞｼ,30,209
303046,和歌山県,紀美野町,ﾜｶﾔﾏｹﾝ,ｷﾐﾉﾁｮｳ,30,304
303411,和歌山県,かつらぎ町,ﾜｶﾔﾏｹﾝ,ｶﾂﾗｷﾞﾁｮｳ,30,341
303437,和歌山県,九度山町,ﾜｶﾔﾏｹﾝ,ｸﾄﾞﾔﾏﾁｮｳ,30,343
303445,和歌山県,高野町,ﾜｶﾔﾏｹﾝ,ｺｳﾔﾁｮｳ,30,344
303615,和歌山県,湯浅町,ﾜｶﾔﾏｹﾝ,ﾕｱｻﾁｮｳ,30,361
303623,和歌山県,広川町,ﾜｶﾔﾏｹﾝ,ﾋﾛｶﾞﾜﾁｮｳ,30,362
303666,和歌山県,有田川町,ﾜｶﾔﾏｹﾝ,ｱﾘﾀﾞｶﾞﾜﾁｮｳ,30,366
303810,和歌山県,美浜町,ﾜｶﾔﾏｹﾝ,ﾐﾊﾏﾁｮｳ,30,381
303828,和歌山県,日高町,ﾜｶﾔﾏｹﾝ,ﾋﾀﾞｶﾁｮｳ,30,382
303836,和歌山県,由良町,ﾜｶﾔﾏｹﾝ,ﾕﾗﾁｮｳ,30,383
303909,和歌山県,印南町,ﾜｶﾔﾏｹﾝ,ｲﾅﾐﾁｮｳ,30,390
303917,和歌山県,みなべ町,ﾜｶﾔﾏｹﾝ,ﾐﾅﾍﾞﾁｮｳ,30,391
303925,和歌山県,日高川町,ﾜｶﾔﾏｹﾝ,ﾋﾀﾞｶｶﾞﾜﾁｮｳ,30,392
304018,和歌山県,白浜町,ﾜｶﾔﾏｹﾝ,ｼﾗﾊﾏﾁｮｳ,30,401
304042,和歌山県,上富田町,ﾜｶﾔﾏｹﾝ,ｶﾐﾄﾝﾀﾞﾁｮｳ,30,404
304069,和歌山県,すさみ町,ﾜｶﾔﾏｹﾝ,ｽｻﾐﾁｮｳ,30,406
304212,和歌山県,那智勝浦町,ﾜｶﾔﾏｹﾝ,ﾅﾁｶﾂｳﾗﾁｮｳ,30,421
304221,和歌山県,太地町,ﾜｶﾔﾏｹﾝ,ﾀｲｼﾞﾁｮｳ,30,422
304247,和歌山県,古座川町,ﾜｶﾔﾏｹﾝ,ｺｻﾞｶﾞﾜﾁｮｳ,30,424
304271,和歌山県,北山村,ﾜｶﾔﾏｹﾝ,ｷﾀﾔﾏﾑﾗ,30,427
304280,和歌山県,串本町,ﾜｶﾔﾏｹﾝ,ｸｼﾓﾄﾁｮｳ,30,428
312011,鳥取県,鳥取市,ﾄｯﾄﾘｹﾝ,ﾄｯﾄﾘｼ,31,201
312029,鳥取県,米子市,ﾄｯﾄﾘｹﾝ,ﾖﾅｺﾞｼ,31,202
312037,鳥取県,倉吉市,ﾄｯﾄﾘｹﾝ,ｸﾗﾖｼｼ,31,203
312045,鳥取県,境港市,ﾄｯﾄﾘｹﾝ,ｻｶｲﾐﾅﾄｼ,31,204
313025,鳥取県,岩美町,ﾄｯﾄﾘｹﾝ,ｲﾜﾐﾁｮｳ,31,302
313254,鳥取県,若桜町,ﾄｯﾄﾘｹﾝ,ﾜｶｻﾁｮｳ,31,325
313289,鳥取県,智頭町,ﾄｯﾄﾘｹﾝ,ﾁﾂﾞﾁｮｳ,31,328
313297,鳥取県,八頭町,ﾄｯﾄﾘｹﾝ,ﾔｽﾞﾁｮｳ,31,329
313645,鳥取県,三朝町,ﾄｯﾄﾘｹﾝ,ﾐｻｻﾁｮｳ,31,364
313700,鳥取県,湯梨浜町,ﾄｯﾄﾘｹﾝ,ﾕﾘﾊﾏﾁｮｳ,31,370
313718,鳥取県,琴浦町,ﾄｯﾄﾘｹﾝ,ｺﾄｳﾗﾁｮｳ,31,371
313726,鳥取県,北栄町,ﾄｯﾄﾘｹﾝ,ﾎｸｴｲﾁｮｳ,31,372
313840,鳥取県,日吉津村,ﾄｯﾄﾘｹﾝ,ﾋｴﾂﾞｿﾝ,31,384
313866,鳥取県,大山町,ﾄｯﾄﾘｹﾝ,ﾀﾞｲｾﾝﾁｮｳ,31,386
313891,鳥取県,南部町,ﾄｯﾄﾘｹﾝ,ﾅﾝﾌﾞﾁｮｳ,31,389
313904,鳥取県,伯耆町,ﾄｯﾄﾘｹﾝ,ﾎｳｷﾁｮｳ,31,390
314013,鳥取県,日南町,ﾄｯﾄﾘｹﾝ,ﾆﾁﾅﾝﾁｮｳ,31,401
314021,鳥取県,日野町,ﾄｯﾄﾘｹﾝ,ﾋﾉﾁｮｳ,31,402
314030,鳥取県,江府町,ﾄｯﾄﾘｹﾝ,ｺｳﾌﾁｮｳ,31,403
322016,島根県,松江市,ｼﾏﾈｹﾝ,ﾏﾂｴｼ,32,201
322024,島根県,浜田市,ｼﾏﾈｹﾝ,ﾊﾏﾀﾞｼ,32,202
322032,島根県,出雲市,ｼﾏﾈｹﾝ,ｲｽﾞﾓｼ,32,203
322041,島根県,益田市,ｼﾏﾈｹﾝ,ﾏｽﾀﾞｼ,32,204
322059,島根県,大田市,ｼﾏﾈｹﾝ,ｵｵﾀﾞｼ,32,205
322067,島根県,安来市,ｼﾏﾈｹﾝ,ﾔｽｷﾞｼ,32,206
322075,島根県,江津市,ｼﾏﾈｹﾝ,ｺﾞｳﾂｼ,32,207
322091,島根県,雲南市,ｼﾏﾈｹﾝ,ｳﾝﾅﾝｼ,32,209
323438,島根県,奥出雲町,ｼﾏﾈｹﾝ,ｵｸｲｽﾞﾓﾁｮｳ,32,343
323861,島根県,飯南町,ｼﾏﾈｹﾝ,ｲｲﾅﾝﾁｮｳ,32,386
324418,島根県,川本町,ｼﾏﾈｹﾝ,ｶﾜﾓﾄﾏﾁ,32,441
324485,島根県,美郷町,ｼﾏﾈｹﾝ,ﾐｻﾄﾁｮｳ,32,448
324493,島根県,邑南町,ｼﾏﾈｹﾝ,ｵｵﾅﾝﾁｮｳ,32,449
325015,島根県,津和野町,ｼﾏﾈｹﾝ,ﾂﾜﾉﾁｮｳ,32,501
325058,島根県,吉賀町,ｼﾏﾈｹﾝ,ﾖｼｶﾁｮｳ,32,505
325252,島根県,海士町,ｼﾏﾈｹﾝ,ｱﾏﾁｮｳ,32,525
325261,島根県,西ノ島町,ｼﾏﾈｹﾝ,ﾆｼﾉｼﾏﾁｮｳ,32,526
325279,島根県,知夫村,ｼﾏﾈｹﾝ,ﾁﾌﾞﾑﾗ,32,527
325287,島根県,隠岐の島町,ｼﾏﾈｹﾝ,ｵｷﾉｼﾏﾁｮｳ,32,528
331007,岡山県,岡山市,ｵｶﾔﾏｹﾝ,ｵｶﾔﾏｼ,33,100
332020,岡山県,倉敷市,ｵｶﾔﾏｹﾝ,ｸﾗｼｷｼ,33,202
332038,岡山県,津山市,ｵｶﾔﾏｹﾝ,ﾂﾔﾏｼ,33,203
332046,岡山県,玉野市,ｵｶﾔﾏｹﾝ,ﾀﾏﾉｼ,33,204
332054,岡山県,笠岡市,ｵｶﾔﾏｹﾝ,ｶｻｵｶｼ,33,205
332071,岡山県,井原市,ｵｶﾔﾏｹﾝ,ｲﾊﾞﾗｼ,33,207
332089,岡山県,総社市,ｵｶﾔﾏｹﾝ,ｿｳｼﾞﾔｼ,33,208
332097,岡山県,高梁市,ｵｶﾔﾏｹﾝ,ﾀｶﾊｼｼ,33,209
332101,岡山県,新見市,ｵｶﾔﾏｹﾝ,ﾆｲﾐｼ,33,210
332119,岡山県,備前市,ｵｶﾔﾏｹﾝ,ﾋﾞｾﾞﾝｼ,33,211
332127,岡山県,瀬戸内市,ｵｶﾔﾏｹﾝ,ｾﾄｳﾁｼ,33,212
332135,岡山県,赤磐市,ｵｶﾔﾏｹﾝ,ｱｶｲﾜｼ,33,213
332143,岡山県,真庭市,ｵｶﾔﾏｹﾝ,ﾏﾆﾜｼ,33,214
332151,岡山県,美作市,ｵｶﾔﾏｹﾝ,ﾐﾏｻｶｼ,33,215
332160,岡山県,浅口市,ｵｶﾔﾏｹﾝ,ｱｻｸﾁｼ,33,216
333468,岡山県,和気町,ｵｶﾔﾏｹﾝ,ﾜｹﾁｮｳ,33,346
334235,岡山県,早島町,ｵｶﾔﾏｹﾝ,ﾊﾔｼﾏﾁｮｳ,33,423
334456,岡山県,里庄町,ｵｶﾔﾏｹﾝ,ｻﾄｼｮｳﾁｮｳ,33,445
334618,岡山県,矢掛町,ｵｶﾔﾏｹﾝ,ﾔｶｹﾞﾁｮｳ,33,461
335860,岡山県,新庄村,ｵｶﾔﾏｹﾝ,ｼﾝｼﾞﾖｳｿﾝ,33,586
336068,岡山県,鏡野町,ｵｶﾔﾏｹﾝ,ｶｶﾞﾐﾉﾁｮｳ,33,606
336220,岡山県,勝央町,ｵｶﾔﾏｹﾝ,ｼｮｳｵｳﾁｮｳ,33,622
336238,岡山県,奈義町,ｵｶﾔﾏｹﾝ,ﾅｷﾞﾁｮｳ,33,623
336432,岡山県,西粟倉村,ｵｶﾔﾏｹﾝ,ﾆｼｱﾜｸﾗｿﾝ,33,643
336637,岡山県,久米南町,ｵｶﾔﾏｹﾝ,ｸﾒﾅﾝﾁｮｳ,33,663
336661,岡山県,美咲町,ｵｶﾔﾏｹﾝ,ﾐｻｷﾁｮｳ,33,666
336815,岡山県,吉備中央町,ｵｶﾔﾏｹﾝ,ｷﾋﾞﾁｭｳｵｳﾁｮｳ,33,681
341002,広島県,広島市,ﾋﾛｼﾏｹﾝ,ﾋﾛｼﾏｼ,34,100
342025,広島県,呉市,ﾋﾛｼﾏｹﾝ,ｸﾚｼ,34,202
342033,広島県,竹原市,ﾋﾛｼﾏｹﾝ,ﾀｹﾊﾗｼ,34,203
342041,広島県,三原市,ﾋﾛｼﾏｹﾝ,ﾐﾊﾗｼ,34,204
342050,広島県,尾道市,ﾋﾛｼﾏｹﾝ,ｵﾉﾐﾁｼ,34,205
342076,広島県,福山市,ﾋﾛｼﾏｹﾝ,ﾌｸﾔﾏｼ,34,207
342084,広島県,府中市,ﾋﾛｼﾏｹﾝ,ﾌﾁｭｳｼ,34,208
342092,広島県,三次市,ﾋﾛｼﾏｹﾝ,ﾐﾖｼｼ,34,209
342106,広島県,庄原市,ﾋﾛｼﾏｹﾝ,ｼｮｳﾊﾞﾗｼ,34,210
342114,広島県,大竹市,ﾋﾛｼﾏｹﾝ,ｵｵﾀｹｼ,34,211
342122,広島県,東広島市,ﾋﾛｼﾏｹﾝ,ﾋｶﾞｼﾋﾛｼﾏｼ,34,212
342131,広島県,廿日市市,ﾋﾛｼﾏｹﾝ,ﾊﾂｶｲﾁｼ,34,213
342149,広島県,安芸高田市,ﾋﾛｼﾏｹﾝ,ｱｷﾀｶﾀｼ,34,214
342157,広島県,江田島市,ﾋﾛｼﾏｹﾝ,ｴﾀｼﾞﾏｼ,34,215
343021,広島県,府中町,ﾋﾛｼﾏｹﾝ,ﾌﾁｭｳﾁｮｳ,34,302
343048,広島県,海田町,ﾋﾛｼﾏｹﾝ,ｶｲﾀﾁｮｳ,34,304
343072,広島県,熊野町,ﾋﾛｼﾏｹﾝ,ｸﾏﾉﾁｮｳ,34,307
343099,広島県,坂町,ﾋﾛｼﾏｹﾝ,ｻｶﾁｮｳ,34,309
343684,広島県,安芸太田町,ﾋﾛｼﾏｹﾝ,ｱｷｵｵﾀﾁｮｳ,34,368
343692,広島県,北広島町,ﾋﾛｼﾏｹﾝ,ｷﾀﾋﾛｼﾏﾁｮｳ,34,369
344311,広島県,大崎上島町,ﾋﾛｼﾏｹﾝ,ｵｵｻｷｶﾐｼﾞﾏﾁｮｳ,34,431
344621,広島県,世羅町,ﾋﾛｼﾏｹﾝ,ｾﾗﾁｮｳ,34,462
345458,広島県,神石高原町,ﾋﾛｼﾏｹﾝ,ｼﾞﾝｾｷｺｳｹﾞﾝﾁｮｳ,34,545
352012,山口県,下関市,ﾔﾏｸﾞﾁｹﾝ,ｼﾓﾉｾｷｼ,35,201
352021,山口県,宇部市,ﾔﾏｸﾞﾁｹﾝ,ｳﾍﾞｼ,35,202
352039,山口県,山口市,ﾔﾏｸﾞﾁｹﾝ,ﾔﾏｸﾞﾁｼ,35,203
352047,山口県,萩市,ﾔﾏｸﾞﾁｹﾝ,ﾊｷﾞｼ,35,204
352063,山口県,防府市,ﾔﾏｸﾞﾁｹﾝ,ﾎｳﾌｼ,35,206
352071,山口県,下松市,ﾔﾏｸﾞﾁｹﾝ,ｸﾀﾞﾏﾂｼ,35,207
352080,山口県,岩国市,ﾔﾏｸﾞﾁｹﾝ,ｲﾜｸﾆｼ,35,208
352101,山口県,光市,ﾔﾏｸﾞﾁｹﾝ,ﾋｶﾘｼ,35,210
352110,山口県,長門市,ﾔﾏｸﾞﾁｹﾝ,ﾅｶﾞﾄｼ,35,211
352128,山口県,柳井市,ﾔﾏｸﾞﾁｹﾝ,ﾔﾅｲｼ,35,212
352136,山口県,美祢市,ﾔﾏｸﾞﾁｹﾝ,ﾐﾈｼ,35,213
352152,山口県,周南市,ﾔﾏｸﾞﾁｹﾝ,ｼｭｳﾅﾝｼ,35,215
352161,山口県,山陽小野田市,ﾔﾏｸﾞﾁｹﾝ,ｻﾝﾖｳｵﾉﾀﾞｼ,35,216
353051,山口県,周防大島町,ﾔﾏｸﾞﾁｹﾝ,ｽｵｳｵｵｼﾏﾁｮｳ,35,305
353213,山口県,和木町,ﾔﾏｸﾞﾁｹﾝ,ﾜｷﾁｮｳ,35,321
353418,山口県,上関町,ﾔﾏｸﾞﾁｹﾝ,ｶﾐﾉｾｷﾁｮｳ,35,341
353434,山口県,田布施町,ﾔﾏｸﾞﾁｹﾝ,ﾀﾌﾞｾﾁｮｳ,35,343
353442,山口県,平生町,ﾔﾏｸﾞﾁｹﾝ,ﾋﾗｵﾁｮｳ,35,344
355020,山口県,阿武町,ﾔﾏｸﾞﾁｹﾝ,ｱﾌﾞﾁｮｳ,35,502
362018,徳島県,徳島市,ﾄｸｼﾏｹﾝ,ﾄｸｼﾏｼ,36,201
362026,徳島県,鳴門市,ﾄｸｼﾏｹﾝ,ﾅﾙﾄｼ,36,202
362034,徳島県,小松島市,ﾄｸｼﾏｹﾝ,ｺﾏﾂｼﾏｼ,36,203
362042,徳島県,阿南市,ﾄｸｼﾏｹﾝ,ｱﾅﾝｼ,36,204
362051,徳島県,吉野川市,ﾄｸｼﾏｹﾝ,ﾖｼﾉｶﾞﾜｼ,36,205
362069,徳島県,阿波市,ﾄｸｼﾏｹﾝ,ｱﾜｼ,36,206
362077,徳島県,美馬市,ﾄｸｼﾏｹﾝ,ﾐﾏｼ,36,207
362085,徳島県,三好市,ﾄｸｼﾏｹﾝ,ﾐﾖｼｼ,36,208
363014,徳島県,勝浦町,ﾄｸｼﾏｹﾝ,ｶﾂｳﾗﾁｮｳ,36,301
363022,徳島県,上勝町,ﾄｸｼﾏｹﾝ,ｶﾐｶﾂﾁｮｳ,36,302
363219,徳島県,佐那河内村,ﾄｸｼﾏｹﾝ,ｻﾅｺﾞｳﾁｿﾝ,36,321
363413,徳島県,石井町,ﾄｸｼﾏｹﾝ,ｲｼｲﾁｮｳ,36,341
363421,徳島県,神山町,ﾄｸｼﾏｹﾝ,ｶﾐﾔﾏﾁｮｳ,36,342
363685,徳島県,那賀町,ﾄｸｼﾏｹﾝ,ﾅｶﾁｮｳ,36,368
363839,徳島県,牟岐町,ﾄｸｼﾏｹﾝ,ﾑｷﾞﾁｮｳ,36,383
363871,徳島県,美波町,ﾄｸｼﾏｹﾝ,ﾐﾅﾐﾁｮｳ,36,387
363880,徳島県,海陽町,ﾄｸｼﾏｹﾝ,ｶｲﾖｳﾁｮｳ,36,388
364011,徳島県,松茂町,ﾄｸｼﾏｹﾝ,ﾏﾂｼｹﾞﾁｮｳ,36,401
364029,徳島県,北島町,ﾄｸｼﾏｹﾝ,ｷﾀｼﾞﾏﾁｮｳ,36,402
364037,徳島県,藍住町,ﾄｸｼﾏｹﾝ,ｱｲｽﾞﾐﾁｮｳ,36,403
364045,徳島県,板野町,ﾄｸｼﾏｹﾝ,ｲﾀﾉﾁｮｳ,36,404
364053,徳島県,上板町,ﾄｸｼﾏｹﾝ,ｶﾐｲﾀﾁｮｳ,36,405
364681,徳島県,つるぎ町,ﾄｸｼﾏｹﾝ,ﾂﾙｷﾞﾁｮｳ,36,468
364894,徳島県,東みよし町,ﾄｸｼﾏｹﾝ,ﾋｶﾞｼﾐﾖｼﾁｮｳ,36,489
372013,香川県,高松市,ｶｶﾞﾜｹﾝ,ﾀｶﾏﾂｼ,37,201
372021,香川県,丸亀市,ｶｶﾞﾜｹﾝ,ﾏﾙｶﾞﾒｼ,37,202
372030,香川県,坂出市,ｶｶﾞﾜｹﾝ,ｻｶｲﾃﾞｼ,37,203
372048,香川県,善通寺市,ｶｶﾞﾜｹﾝ,ｾﾞﾝﾂｳｼﾞｼ,37,204
372056,香川県,観音寺市,ｶｶﾞﾜｹﾝ,ｶﾝｵﾝｼﾞｼ,37,205
372064,香川県,さぬき市,ｶｶﾞﾜｹﾝ,ｻﾇｷｼ,37,206
372072,香川県,東かがわ市,ｶｶﾞﾜｹﾝ,ﾋｶﾞｼｶｶﾞﾜｼ,37,207
372081,香川県,三豊市,ｶｶﾞﾜｹﾝ,ﾐﾄﾖｼ,37,208
373222,香川県,土庄町,ｶｶﾞﾜｹﾝ,ﾄﾉｼｮｳﾁｮｳ,37,322
373249,香川県,小豆島町,ｶｶﾞﾜｹﾝ,ｼｮｳﾄﾞｼﾏﾁｮｳ,37,324
373419,香川県,三木町,ｶｶﾞﾜｹﾝ,ﾐｷﾁｮｳ,37,341
373648,香川県,直島町,ｶｶﾞﾜｹﾝ,ﾅｵｼﾏﾁｮｳ,37,364
373869,香川県,宇多津町,ｶｶﾞﾜｹﾝ,ｳﾀﾂﾞﾁｮｳ,37,386
373877,香川県,綾川町,ｶｶﾞﾜｹﾝ,ｱﾔｶﾞﾜﾁｮｳ,37,387
374032,香川県,琴平町,ｶｶﾞﾜｹﾝ,ｺﾄﾋﾗﾁｮｳ,37,403
374041,香川県,多度津町,ｶｶﾞﾜｹﾝ,ﾀﾄﾞﾂﾁｮｳ,37,404
374067,香川県,まんのう町,ｶｶﾞﾜｹﾝ,ﾏﾝﾉｳﾁｮｳ,37,406
382019,愛媛県,松山市,ｴﾋﾒｹﾝ,ﾏﾂﾔﾏｼ,38,201
382027,愛媛県,今治市,ｴﾋﾒｹﾝ,ｲﾏﾊﾞﾘｼ,38,202
382035,愛媛県,宇和島市,ｴﾋﾒｹﾝ,ｳﾜｼﾞﾏｼ,38,203
382043,愛媛県,八幡浜市,ｴﾋﾒｹﾝ,ﾔﾜﾀﾊﾏｼ,38,204
382051,愛媛県,新居浜市,ｴﾋﾒｹﾝ,ﾆｲﾊﾏｼ,38,205
382060,愛媛県,西条市,ｴﾋﾒｹﾝ,ｻｲｼﾞｮｳｼ,38,206
382078,愛媛県,大洲市,ｴﾋﾒｹﾝ,ｵｵｽﾞｼ,38,207
382108,愛媛県,伊予市,ｴﾋﾒｹﾝ,ｲﾖｼ,38,210
382132,愛媛県,四国中央市,ｴﾋﾒｹﾝ,ｼｺｸﾁｭｳｵｳｼ,38,213
382141,愛媛県,西予市,ｴﾋﾒｹﾝ,ｾｲﾖｼ,38,214
382159,愛媛県,東温市,ｴﾋﾒｹﾝ,ﾄｳｵﾝｼ,38,215
383562,愛媛県,上島町,ｴﾋﾒｹﾝ,ｶﾐｼﾞﾏﾁｮｳ,38,356
383864,愛媛県,久万高原町,ｴﾋﾒｹﾝ,ｸﾏｺｳｹﾞﾝﾁｮｳ,38,386
384011,愛媛県,松前町,ｴﾋﾒｹﾝ,ﾏｻｷﾁｮｳ,38,401
384020,愛媛県,砥部町,ｴﾋﾒｹﾝ,ﾄﾍﾞﾁｮｳ,38,402
384224,愛媛県,内子町,ｴﾋﾒｹﾝ,ｳﾁｺﾁｮｳ,38,422
384429,愛媛県,伊方町,ｴﾋﾒｹﾝ,ｲｶﾀﾁｮｳ,38,442
384844,愛媛県,松野町,ｴﾋﾒｹﾝ,ﾏﾂﾉﾁｮｳ,38,484
384887,愛媛県,鬼北町,ｴﾋﾒｹﾝ,ｷﾎｸﾁｮｳ,38,488
385069,愛媛県,愛南町,ｴﾋﾒｹﾝ,ｱｲﾅﾝﾁｮｳ,38,506
392014,高知県,高知市,ｺｳﾁｹﾝ,ｺｳﾁｼ,39,201
392022,高知県,室戸市,ｺｳﾁｹﾝ,ﾑﾛﾄｼ,39,202
392031,高知県,安芸市,ｺｳﾁｹﾝ,ｱｷｼ,39,203
392049,高知県,南国市,ｺｳﾁｹﾝ,ﾅﾝｺｸｼ,39,204
392057,高知県,土佐市,ｺｳﾁｹﾝ,ﾄｻｼ,39,205
392065,高知県,須崎市,ｺｳﾁｹﾝ,ｽｻｷｼ,39,206
392081,高知県,宿毛市,ｺｳﾁｹﾝ,ｽｸﾓｼ,39,208
392090,高知県,土佐清水市,ｺｳﾁｹﾝ,ﾄｻｼﾐｽﾞｼ,39,209
392103,高知県,四万十市,ｺｳﾁｹﾝ,ｼﾏﾝﾄｼ,39,210
392111,高知県,香南市,ｺｳﾁｹﾝ,ｺｳﾅﾝｼ,39,211
392120,高知県,香美市,ｺｳﾁｹﾝ,ｶﾐｼ,39,212
393011,高知県,東洋町,ｺｳﾁｹﾝ,ﾄｳﾖｳﾁｮｳ,39,301
393029,高知県,奈半利町,ｺｳﾁｹﾝ,ﾅﾊﾘﾁｮｳ,39,302
393037,高知県,田野町,ｺｳﾁｹﾝ,ﾀﾉﾁｮｳ,39,303
393045,高知県,安田町,ｺｳﾁｹﾝ,ﾔｽﾀﾞﾁｮｳ,39,304
393053,高知県,北川村,ｺｳﾁｹﾝ,ｷﾀｶﾞﾜﾑﾗ,39,305
393061,高知県,馬路村,ｺｳﾁｹﾝ,ｳﾏｼﾞﾑﾗ,39,306
393070,高知県,芸西村,ｺｳﾁｹﾝ,ｹﾞｲｾｲﾑﾗ,39,307
393410,高知県,本山町,ｺｳﾁｹﾝ,ﾓﾄﾔﾏﾁｮｳ,39,341
393444,高知県,大豊町,ｺｳﾁｹﾝ,ｵｵﾄﾖﾁｮｳ,39,344
393631,高知県,土佐町,ｺｳﾁｹﾝ,ﾄｻﾁｮｳ,39,363
393649,高知県,大川村,ｺｳﾁｹﾝ,ｵｵｶﾜﾑﾗ,39,364
393860,高知県,いの町,ｺｳﾁｹﾝ,ｲﾉﾁｮｳ,39,386
393878,高知県,仁淀川町,ｺｳﾁｹﾝ,ﾆﾖﾄﾞｶﾞﾜﾁｮｳ,39,387
394017,高知県,中土佐町,ｺｳﾁｹﾝ,ﾅｶﾄｻﾁｮｳ,39,401
394025,高知県,佐川町,ｺｳﾁｹﾝ,ｻｶﾜﾁｮｳ,39,402
394033,高知県,越知町,ｺｳﾁｹﾝ,ｵﾁﾁｮｳ,39,403
394050,高知県,梼原町,ｺｳﾁｹﾝ,ﾕｽﾊﾗﾁｮｳ,39,405
394106,高知県,日高村,ｺｳﾁｹﾝ,ﾋﾀﾞｶﾑﾗ,39,410
394114,高知県,津野町,ｺｳﾁｹﾝ,ﾂﾉﾁｮｳ,39,411
394122,高知県,四万十町,ｺｳﾁｹﾝ,ｼﾏﾝﾄﾁｮｳ,39,412
394246,高知県,大月町,ｺｳﾁｹﾝ,ｵｵﾂｷﾁｮｳ,39,424
394271,高知県,三原村,ｺｳﾁｹﾝ,ﾐﾊﾗﾑﾗ,39,427
394289,高知県,黒潮町,ｺｳﾁｹﾝ,ｸﾛｼｵﾁｮｳ,39,428
401005,福岡県,北九州市,ﾌｸｵｶｹﾝ,ｷﾀｷｭｳｼｭｳｼ,40,100
401307,福岡県,福岡市,ﾌｸｵｶｹﾝ,ﾌｸｵｶｼ,40,130
402028,福岡県,大牟田市,ﾌｸｵｶｹﾝ,ｵｵﾑﾀｼ,40,202
402036,福岡県,久留米市,ﾌｸｵｶｹﾝ,ｸﾙﾒｼ,40,203
402044,福岡県,直方市,ﾌｸｵｶｹﾝ,ﾉｵｶﾞﾀｼ,40,204
402052,福岡県,飯塚市,ﾌｸｵｶｹﾝ,ｲｲﾂﾞｶｼ,40,205
402061,福岡県,田川市,ﾌｸｵｶｹﾝ,ﾀｶﾞﾜｼ,40,206
402079,福岡県,柳川市,ﾌｸｵｶｹﾝ,ﾔﾅｶﾞﾜｼ,40,207
402109,福岡県,八女市,ﾌｸｵｶｹﾝ,ﾔﾒｼ,40,210
402117,福岡県,筑後市,ﾌｸｵｶｹﾝ,ﾁｸｺﾞｼ,40,211
402125,福岡県,大川市,ﾌｸｵｶｹﾝ,ｵｵｶﾜｼ,40,212
402133,福岡県,行橋市,ﾌｸｵｶｹﾝ,ﾕｸﾊｼｼ,40,213
402141,福岡県,豊前市,ﾌｸｵｶｹﾝ,ﾌﾞｾﾞﾝｼ,40,214
402150,福岡県,中間市,ﾌｸｵｶｹﾝ,ﾅｶﾏｼ,40,215
402168,福岡県,小郡市,ﾌｸｵｶｹﾝ,ｵｺﾞｵﾘｼ,40,216
402176,福岡県,筑紫野市,ﾌｸｵｶｹﾝ,ﾁｸｼﾉｼ,40,217
402184,福岡県,春日市,ﾌｸｵｶｹﾝ,ｶｽｶﾞｼ,40,218
402192,福岡県,大野城市,ﾌｸｵｶｹﾝ,ｵｵﾉｼﾞｮｳｼ,40,219
402206,福岡県,宗像市,ﾌｸｵｶｹﾝ,ﾑﾅｶﾀｼ,40,220
402214,福岡県,太宰府市,ﾌｸｵｶｹﾝ,ﾀﾞｻﾞｲﾌｼ,40,221
402231,福岡県,古賀市,ﾌｸｵｶｹﾝ,ｺｶﾞｼ,40,223
402249,福岡県,福津市,ﾌｸｵｶｹﾝ,ﾌｸﾂｼ,40,224
402257,福岡県,うきは市,ﾌｸｵｶｹﾝ,ｳｷﾊｼ,40,225
402265,福岡県,宮若市,ﾌｸｵｶｹﾝ,ﾐﾔﾜｶｼ,40,226
402273,福岡県,嘉麻市,ﾌｸｵｶｹﾝ,ｶﾏｼ,40,227
402281,福岡県,朝倉市,ﾌｸｵｶｹﾝ,ｱｻｸﾗｼ,40,228
402290,福岡県,みやま市,ﾌｸｵｶｹﾝ,ﾐﾔﾏｼ,40,229
402303,福岡県,糸島市,ﾌｸｵｶｹﾝ,ｲﾄｼﾏｼ,40,230
402311,福岡県,那珂川市,ﾌｸｵｶｹﾝ,ﾅｶｶﾞﾜｼ,40,231
403415,福岡県,宇美町,ﾌｸｵｶｹﾝ,ｳﾐﾏﾁ,40,341
403423,福岡県,篠栗町,ﾌｸｵｶｹﾝ,ｻｻｸﾞﾘﾏﾁ,40,342
403431,福岡県,志免町,ﾌｸｵｶｹﾝ,ｼﾒﾏﾁ,40,343
403440,福岡県,須恵町,ﾌｸｵｶｹﾝ,ｽｴﾏﾁ,40,344
403458,福岡県,新宮町,ﾌｸｵｶｹﾝ,ｼﾝｸﾞｳﾏﾁ,40,345
403482,福岡県,久山町,ﾌｸｵｶｹﾝ,ﾋｻﾔﾏﾏﾁ,40,348
403491,福岡県,粕屋町,ﾌｸｵｶｹﾝ,ｶｽﾔﾏﾁ,40,349
403814,福岡県,芦屋町,ﾌｸｵｶｹﾝ,ｱｼﾔﾏﾁ,40,381
403822,福岡県,水巻町,ﾌｸｵｶｹﾝ,ﾐｽﾞﾏｷﾏﾁ,40,382
403831,福岡県,岡垣町,ﾌｸｵｶｹﾝ,ｵｶｶﾞｷﾏﾁ,40,383
403849,福岡県,遠賀町,ﾌｸｵｶｹﾝ,ｵﾝｶﾞﾁｮｳ,40,384
404012,福岡県,小竹町,ﾌｸｵｶｹﾝ,ｺﾀｹﾏﾁ,40,401
404021,福岡県,鞍手町,ﾌｸｵｶｹﾝ,ｸﾗﾃﾏﾁ,40,402
404217,福岡県,桂川町,ﾌｸｵｶｹﾝ,ｹｲｾﾝﾏﾁ,40,421
404471,福岡県,筑前町,ﾌｸｵｶｹﾝ,ﾁｸｾﾞﾝﾏﾁ,40,447
404489,福岡県,東峰村,ﾌｸｵｶｹﾝ,ﾄｳﾎｳﾑﾗ,40,448
405035,福岡県,大刀洗町,ﾌｸｵｶｹﾝ,ﾀﾁｱﾗｲﾏﾁ,40,503
405221,福岡県,大木町,ﾌｸｵｶｹﾝ,ｵｵｷﾏﾁ,40,522
405442,福岡県,広川町,ﾌｸｵｶｹﾝ,ﾋﾛｶﾜﾏﾁ,40,544
406015,福岡県,香春町,ﾌｸｵｶｹﾝ,ｶﾜﾗﾏﾁ,40,601
406023,福岡県,添田町,ﾌｸｵｶｹﾝ,ｿｴﾀﾞﾏﾁ,40,602
406040,福岡県,糸田町,ﾌｸｵｶｹﾝ,ｲﾄﾀﾞﾏﾁ,40,604
406058,福岡県,川崎町,ﾌｸｵｶｹﾝ,ｶﾜｻｷﾏﾁ,40,605
406082,福岡県,大任町,ﾌｸｵｶｹﾝ,ｵｵﾄｳﾏﾁ,40,608
406091,福岡県,赤村,ﾌｸｵｶｹﾝ,ｱｶﾑﾗ,40,609
406104,福岡県,福智町,ﾌｸｵｶｹﾝ,ﾌｸﾁﾏﾁ,40,610
406210,福岡県,苅田町,ﾌｸｵｶｹﾝ,ｶﾝﾀﾞﾏﾁ,40,621
406252,福岡県,みやこ町,ﾌｸｵｶｹﾝ,ﾐﾔｺﾏﾁ,40,625
406422,福岡県,吉富町,ﾌｸｵｶｹﾝ,ﾖｼﾄﾐﾏﾁ,40,642
406465,福岡県,上毛町,ﾌｸｵｶｹﾝ,ｺｳｹﾞﾏﾁ,40,646
406473,福岡県,築上町,ﾌｸｵｶｹﾝ,ﾁｸｼﾞｮｳﾏﾁ,40,647
412015,佐賀県,佐賀市,ｻｶﾞｹﾝ,ｻｶﾞｼ,41,201
412023,佐賀県,唐津市,ｻｶﾞｹﾝ,ｶﾗﾂｼ,41,202
412031,佐賀県,鳥栖市,ｻｶﾞｹﾝ,ﾄｽｼ,41,203
412040,佐賀県,多久市,ｻｶﾞｹﾝ,ﾀｸｼ,41,204
412058,佐賀県,伊万里市,ｻｶﾞｹﾝ,ｲﾏﾘｼ,41,205
412066,佐賀県,武雄市,ｻｶﾞｹﾝ,ﾀｹｵｼ,41,206
412074,佐賀県,鹿島市,ｻｶﾞｹﾝ,ｶｼﾏｼ,41,207
412082,佐賀県,小城市,ｻｶﾞｹﾝ,ｵｷﾞｼ,41,208
412091,佐賀県,嬉野市,ｻｶﾞｹﾝ,ｳﾚｼﾉｼ,41,209
412104,佐賀県,神埼市,ｻｶﾞｹﾝ,ｶﾝｻﾞｷｼ,41,210
413275,佐賀県,吉野ヶ里町,ｻｶﾞｹﾝ,ﾖｼﾉｶﾞﾘﾁｮｳ,41,327
413411,佐賀県,基山町,ｻｶﾞｹﾝ,ｷﾔﾏﾁｮｳ,41,341
413453,佐賀県,上峰町,ｻｶﾞｹﾝ,ｶﾐﾐﾈﾁｮｳ,41,345
413461,佐賀県,みやき町,ｻｶﾞｹﾝ,ﾐﾔｷﾁｮｳ,41,346
413879,佐賀県,玄海町,ｻｶﾞｹﾝ,ｹﾞﾝｶｲﾁｮｳ,41,387
414018,佐賀県,有田町,ｻｶﾞｹﾝ,ｱﾘﾀﾁｮｳ,41,401
414239,佐賀県,大町町,ｻｶﾞｹﾝ,ｵｵﾏﾁﾁｮｳ,41,423
414247,佐賀県,江北町,ｻｶﾞｹﾝ,ｺｳﾎｸﾏﾁ,41,424
414255,佐賀県,白石町,ｻｶﾞｹﾝ,ｼﾛｲｼﾁｮｳ,41,425
414417,佐賀県,太良町,ｻｶﾞｹﾝ,ﾀﾗﾁｮｳ,41,441
422011,長崎県,長崎市,ﾅｶﾞｻｷｹﾝ,ﾅｶﾞｻｷｼ,42,201
422029,長崎県,佐世保市,ﾅｶﾞｻｷｹﾝ,ｻｾﾎﾞｼ,42,202
422037,長崎県,島原市,ﾅｶﾞｻｷｹﾝ,ｼﾏﾊﾞﾗｼ,42,203
422045,長崎県,諫早市,ﾅｶﾞｻｷｹﾝ,ｲｻﾊﾔｼ,42,204
422053,長崎県,大村市,ﾅｶﾞｻｷｹﾝ,ｵｵﾑﾗｼ,42,205
422070,長崎県,平戸市,ﾅｶﾞｻｷｹﾝ,ﾋﾗﾄﾞｼ,42,207
422088,長崎県,松浦市,ﾅｶﾞｻｷｹﾝ,ﾏﾂｳﾗｼ,42,208
422096,長崎県,対馬市,ﾅｶﾞｻｷｹﾝ,ﾂｼﾏｼ,42,209
422100,長崎県,壱岐市,ﾅｶﾞｻｷｹﾝ,ｲｷｼ,42,210
422118,長崎県,五島市,ﾅｶﾞｻｷｹﾝ,ｺﾞﾄｳｼ,42,211
422126,長崎県,西海市,ﾅｶﾞｻｷｹﾝ,ｻｲｶｲｼ,42,212
422134,長崎県,雲仙市,ﾅｶﾞｻｷｹﾝ,ｳﾝｾﾞﾝｼ,42,213
422142,長崎県,南島原市,ﾅｶﾞｻｷｹﾝ,ﾐﾅﾐｼﾏﾊﾞﾗｼ,42,214
423076,長崎県,長与町,ﾅｶﾞｻｷｹﾝ,ﾅｶﾞﾖﾁｮｳ,42,307
423084,長崎県,時津町,ﾅｶﾞｻｷｹﾝ,ﾄｷﾞﾂﾁｮｳ,42,308
423211,長崎県,東彼杵町,ﾅｶﾞｻｷｹﾝ,ﾋｶﾞｼｿﾉｷﾞﾁｮｳ,42,321
423220,長崎県,川棚町,ﾅｶﾞｻｷｹﾝ,ｶﾜﾀﾅﾁｮｳ,42,322
423238,長崎県,波佐見町,ﾅｶﾞｻｷｹﾝ,ﾊｻﾐﾁｮｳ,42,323
423831,長崎県,小値賀町,ﾅｶﾞｻｷｹﾝ,ｵﾁﾞｶﾁｮｳ,42,383
423912,長崎県,佐々町,ﾅｶﾞｻｷｹﾝ,ｻｻﾞﾁｮｳ,42,391
424111,長崎県,新上五島町,ﾅｶﾞｻｷｹﾝ,ｼﾝｶﾐｺﾞﾄｳﾁｮｳ,42,411
431001,熊本県,熊本市,ｸﾏﾓﾄｹﾝ,ｸﾏﾓﾄｼ,43,100
432024,熊本県,八代市,ｸﾏﾓﾄｹﾝ,ﾔﾂｼﾛｼ,43,202
432032,熊本県,人吉市,ｸﾏﾓﾄｹﾝ,ﾋﾄﾖｼｼ,43,203
432041,熊本県,荒尾市,ｸﾏﾓﾄｹﾝ,ｱﾗｵｼ,43,204
432059,熊本県,水俣市,ｸﾏﾓﾄｹﾝ,ﾐﾅﾏﾀｼ,43,205
432067,熊本県,玉名市,ｸﾏﾓﾄｹﾝ,ﾀﾏﾅｼ,43,206
432083,熊本県,山鹿市,ｸﾏﾓﾄｹﾝ,ﾔﾏｶﾞｼ,43,208
432105,熊本県,菊池市,ｸﾏﾓﾄｹﾝ,ｷｸﾁｼ,43,210
432113,熊本県,宇土市,ｸﾏﾓﾄｹﾝ,ｳﾄｼ,43,211
432121,熊本県,上天草市,ｸﾏﾓﾄｹﾝ,ｶﾐｱﾏｸｻｼ,43,212
432130,熊本県,宇城市,ｸﾏﾓﾄｹﾝ,ｳｷｼ,43,213
432148,熊本県,阿蘇市,ｸﾏﾓﾄｹﾝ,ｱｿｼ,43,214
432156,熊本県,天草市,ｸﾏﾓﾄｹﾝ,ｱﾏｸｻｼ,43,215
432164,熊本県,合志市,ｸﾏﾓﾄｹﾝ,ｺｳｼｼ,43,216
433489,熊本県,美里町,ｸﾏﾓﾄｹﾝ,ﾐｻﾄﾏﾁ,43,348
433641,熊本県,玉東町,ｸﾏﾓﾄｹﾝ,ｷﾞｮｸﾄｳﾏﾁ,43,364
433675,熊本県,南関町,ｸﾏﾓﾄｹﾝ,ﾅﾝｶﾝﾏﾁ,43,367
433683,熊本県,長洲町,ｸﾏﾓﾄｹﾝ,ﾅｶﾞｽﾏﾁ,43,368
433691,熊本県,和水町,ｸﾏﾓﾄｹﾝ,ﾅｺﾞﾐﾏﾁ,43,369
434035,熊本県,大津町,ｸﾏﾓﾄｹﾝ,ｵｵﾂﾞﾏﾁ,43,403
434043,熊本県,菊陽町,ｸﾏﾓﾄｹﾝ,ｷｸﾖｳﾏﾁ,43,404
434230,熊本県,南小国町,ｸﾏﾓﾄｹﾝ,ﾐﾅﾐｵｸﾞﾆﾏﾁ,43,423
434248,熊本県,小国町,ｸﾏﾓﾄｹﾝ,ｵｸﾞﾆﾏﾁ,43,424
434256,熊本県,産山村,ｸﾏﾓﾄｹﾝ,ｳﾌﾞﾔﾏﾑﾗ,43,425
434281,熊本県,高森町,ｸﾏﾓﾄｹﾝ,ﾀｶﾓﾘﾏﾁ,43,428
434329,熊本県,西原村,ｸﾏﾓﾄｹﾝ,ﾆｼﾊﾗﾑﾗ,43,432
434337,熊本県,南阿蘇村,ｸﾏﾓﾄｹﾝ,ﾐﾅﾐｱｿﾑﾗ,43,433
434418,熊本県,御船町,ｸﾏﾓﾄｹﾝ,ﾐﾌﾈﾏﾁ,43,441
434426,熊本県,嘉島町,ｸﾏﾓﾄｹﾝ,ｶｼﾏﾏﾁ,43,442
434434,熊本県,益城町,ｸﾏﾓﾄｹﾝ,ﾏｼｷﾏﾁ,43,443
434442,熊本県,甲佐町,ｸﾏﾓﾄｹﾝ,ｺｳｻﾏﾁ,43,444
434477,熊本県,山都町,ｸﾏﾓﾄｹﾝ,ﾔﾏﾄﾁｮｳ,43,447
434680,熊本県,氷川町,ｸﾏﾓﾄｹﾝ,ﾋｶﾜﾁｮｳ,43,468
434825,熊本県,芦北町,ｸﾏﾓﾄｹﾝ,ｱｼｷﾀﾏﾁ,43,482
434841,熊本県,津奈木町,ｸﾏﾓﾄｹﾝ,ﾂﾅｷﾞﾏﾁ,43,484
435015,熊本県,錦町,ｸﾏﾓﾄｹﾝ,ﾆｼｷﾏﾁ,43,501
435058,熊本県,多良木町,ｸﾏﾓﾄｹﾝ,ﾀﾗｷﾞﾏﾁ,43,505
435066,熊本県,湯前町,ｸﾏﾓﾄｹﾝ,ﾕﾉﾏｴﾏﾁ,43,506
435074,熊本県,水上村,ｸﾏﾓﾄｹﾝ,ﾐｽﾞｶﾐﾑﾗ,43,507
435104,熊本県,相良村,ｸﾏﾓﾄｹﾝ,ｻｶﾞﾗﾑﾗ,43,510
435112,熊本県,五木村,ｸﾏﾓﾄｹﾝ,ｲﾂｷﾑﾗ,43,511
435121,熊本県,山江村,ｸﾏﾓﾄｹﾝ,ﾔﾏｴﾑﾗ,43,512
435139,熊本県,球磨村,ｸﾏﾓﾄｹﾝ,ｸﾏﾑﾗ,43,513
435147,熊本県,あさぎり町,ｸﾏﾓﾄｹﾝ,ｱｻｷﾞﾘﾁｮｳ,43,514
435317,熊本県,苓北町,ｸﾏﾓﾄｹﾝ,ﾚｲﾎｸﾏﾁ,43,531
442011,大分県,大分市,ｵｵｲﾀｹﾝ,ｵｵｲﾀｼ,44,201
442020,大分県,別府市,ｵｵｲﾀｹﾝ,ﾍﾞｯﾌﾟｼ,44,202
442038,大分県,中津市,ｵｵｲﾀｹﾝ,ﾅｶﾂｼ,44,203
442046,大分県,日田市,ｵｵｲﾀｹﾝ,ﾋﾀｼ,44,204
442054,大分県,佐伯市,ｵｵｲﾀｹﾝ,ｻｲｷｼ,44,205
442062,大分県,臼杵市,ｵｵｲﾀｹﾝ,ｳｽｷｼ,44,206
442071,大分県,津久見市,ｵｵｲﾀｹﾝ,ﾂｸﾐｼ,44,207
442089,大分県,竹田市,ｵｵｲﾀｹﾝ,ﾀｹﾀｼ,44,208
442097,大分県,豊後高田市,ｵｵｲﾀｹﾝ,ﾌﾞﾝｺﾞﾀｶﾀﾞｼ,44,209
442101,大分県,杵築市,ｵｵｲﾀｹﾝ,ｷﾂｷｼ,44,210
442119,大分県,宇佐市,ｵｵｲﾀｹﾝ,ｳｻｼ,44,211
442127,大分県,豊後大野市,ｵｵｲﾀｹﾝ,ﾌﾞﾝｺﾞｵｵﾉｼ,44,212
442135,大分県,由布市,ｵｵｲﾀｹﾝ,ﾕﾌｼ,44,213
442143,大分県,国東市,ｵｵｲﾀｹﾝ,ｸﾆｻｷｼ,44,214
443221,大分県,姫島村,ｵｵｲﾀｹﾝ,ﾋﾒｼﾏﾑﾗ,44,322
443417,大分県,日出町,ｵｵｲﾀｹﾝ,ﾋｼﾞﾏﾁ,44,341
444618,大分県,九重町,ｵｵｲﾀｹﾝ,ｺｺﾉｴﾏﾁ,44,461
444626,大分県,玖珠町,ｵｵｲﾀｹﾝ,ｸｽﾏﾁ,44,462
452017,宮崎県,宮崎市,ﾐﾔｻﾞｷｹﾝ,ﾐﾔｻﾞｷｼ,45,201
452025,宮崎県,都城市,ﾐﾔｻﾞｷｹﾝ,ﾐﾔｺﾉｼﾞｮｳｼ,45,202
452033,宮崎県,延岡市,ﾐﾔｻﾞｷｹﾝ,ﾉﾍﾞｵｶｼ,45,203
452041,宮崎県,日南市,ﾐﾔｻﾞｷｹﾝ,ﾆﾁﾅﾝｼ,45,204
452050,宮崎県,小林市,ﾐﾔｻﾞｷｹﾝ,ｺﾊﾞﾔｼｼ,45,205
452068,宮崎県,日向市,ﾐﾔｻﾞｷｹﾝ,ﾋｭｳｶﾞｼ,45,206
452076,宮崎県,串間市,ﾐﾔｻﾞｷｹﾝ,ｸｼﾏｼ,45,207
452084,宮崎県,西都市,ﾐﾔｻﾞｷｹﾝ,ｻｲﾄｼ,45,208
452092,宮崎県,えびの市,ﾐﾔｻﾞｷｹﾝ,ｴﾋﾞﾉｼ,45,209
453412,宮崎県,三股町,ﾐﾔｻﾞｷｹﾝ,ﾐﾏﾀﾁｮｳ,45,341
453617,宮崎県,高原町,ﾐﾔｻﾞｷｹﾝ,ﾀｶﾊﾙﾁｮｳ,45,361
453820,宮崎県,国富町,ﾐﾔｻﾞｷｹﾝ,ｸﾆﾄﾐﾁｮｳ,45,382
453838,宮崎県,綾町,ﾐﾔｻﾞｷｹﾝ,ｱﾔﾁｮｳ,45,383
454010,宮崎県,高鍋町,ﾐﾔｻﾞｷｹﾝ,ﾀｶﾅﾍﾞﾁｮｳ,45,401
454028,宮崎県,新富町,ﾐﾔｻﾞｷｹﾝ,ｼﾝﾄﾐﾁｮｳ,45,402
454036,宮崎県,西米良村,ﾐﾔｻﾞｷｹﾝ,ﾆｼﾒﾗｿﾝ,45,403
454044,宮崎県,木城町,ﾐﾔｻﾞｷｹﾝ,ｷｼﾞｮｳﾁｮｳ,45,404
454052,宮崎県,川南町,ﾐﾔｻﾞｷｹﾝ,ｶﾜﾐﾅﾐﾁｮｳ,45,405
454061,宮崎県,都農町,ﾐﾔｻﾞｷｹﾝ,ﾂﾉﾁｮｳ,45,406
454214,宮崎県,門川町,ﾐﾔｻﾞｷｹﾝ,ｶﾄﾞｶﾞﾜﾁｮｳ,45,421
454290,宮崎県,諸塚村,ﾐﾔｻﾞｷｹﾝ,ﾓﾛﾂｶｿﾝ,45,429
454303,宮崎県,椎葉村,ﾐﾔｻﾞｷｹﾝ,ｼｲﾊﾞｿﾝ,45,430
454311,宮崎県,美郷町,ﾐﾔｻﾞｷｹﾝ,ﾐｻﾄﾁｮｳ,45,431
454419,宮崎県,高千穂町,ﾐﾔｻﾞｷｹﾝ,ﾀｶﾁﾎﾁｮｳ,45,441
454427,宮崎県,日之影町,ﾐﾔｻﾞｷｹﾝ,ﾋﾉｶｹﾞﾁｮｳ,45,442
454435,宮崎県,五ヶ瀬町,ﾐﾔｻﾞｷｹﾝ,ｺﾞｶｾﾁｮｳ,45,443
462012,鹿児島県,鹿児島市,ｶｺﾞｼﾏｹﾝ,ｶｺﾞｼﾏｼ,46,201
462039,鹿児島県,鹿屋市,ｶｺﾞｼﾏｹﾝ,ｶﾉﾔｼ,46,203
462047,鹿児島県,枕崎市,ｶｺﾞｼﾏｹﾝ,ﾏｸﾗｻﾞｷｼ,46,204
462063,鹿児島県,阿久根市,ｶｺﾞｼﾏｹﾝ,ｱｸﾈｼ,46,206
462080,鹿児島県,出水市,ｶｺﾞｼﾏｹﾝ,ｲｽﾞﾐｼ,46,208
462101,鹿児島県,指宿市,ｶｺﾞｼﾏｹﾝ,ｲﾌﾞｽｷｼ,46,210
462136,鹿児島県,西之表市,ｶｺﾞｼﾏｹﾝ,ﾆｼﾉｵﾓﾃｼ,46,213
462144,鹿児島県,垂水市,ｶｺﾞｼﾏｹﾝ,ﾀﾙﾐｽﾞｼ,46,214
462152,鹿児島県,薩摩川内市,ｶｺﾞｼﾏｹﾝ,ｻﾂﾏｾﾝﾀﾞｲｼ,46,215
462161,鹿児島県,日置市,ｶｺﾞｼﾏｹﾝ,ﾋｵｷｼ,46,216
462179,鹿児島県,曽於市,ｶｺﾞｼﾏｹﾝ,ｿｵｼ,46,217
462187,鹿児島県,霧島市,ｶｺﾞｼﾏｹﾝ,ｷﾘｼﾏｼ,46,218
462195,鹿児島県,いちき串木野市,ｶｺﾞｼﾏｹﾝ,ｲﾁｷｸｼｷﾉｼ,46,219
462209,鹿児島県,南さつま市,ｶｺﾞｼﾏｹﾝ,ﾐﾅﾐｻﾂﾏｼ,46,220
462217,鹿児島県,志布志市,ｶｺﾞｼﾏｹﾝ,ｼﾌﾞｼｼ,46,221
462225,鹿児島県,奄美市,ｶｺﾞｼﾏｹﾝ,ｱﾏﾐｼ,46,222
462233,鹿児島県,南九州市,ｶｺﾞｼﾏｹﾝ,ﾐﾅﾐｷｭｳｼｭｳｼ,46,223
462241,鹿児島県,伊佐市,ｶｺﾞｼﾏｹﾝ,ｲｻｼ,46,224
462250,鹿児島県,姶良市,ｶｺﾞｼﾏｹﾝ,ｱｲﾗｼ,46,225
463035,鹿児島県,三島村,ｶｺﾞｼﾏｹﾝ,ﾐｼﾏﾑﾗ,46,303
463043,鹿児島県,十島村,ｶｺﾞｼﾏｹﾝ,ﾄｼﾏﾑﾗ,46,304
463922,鹿児島県,さつま町,ｶｺﾞｼﾏｹﾝ,ｻﾂﾏﾁｮｳ,46,392
464040,鹿児島県,長島町,ｶｺﾞｼﾏｹﾝ,ﾅｶﾞｼﾏﾁｮｳ,46,404
464520,鹿児島県,湧水町,ｶｺﾞｼﾏｹﾝ,ﾕｳｽｲﾁｮｳ,46,452
464686,鹿児島県,大崎町,ｶｺﾞｼﾏｹﾝ,ｵｵｻｷﾁｮｳ,46,468
464821,鹿児島県,東串良町,ｶｺﾞｼﾏｹﾝ,ﾋｶﾞｼｸｼﾗﾁｮｳ,46,482
464902,鹿児島県,錦江町,ｶｺﾞｼﾏｹﾝ,ｷﾝｺｳﾁｮｳ,46,490
464911,鹿児島県,南大隅町,ｶｺﾞｼﾏｹﾝ,ﾐﾅﾐｵｵｽﾐﾁｮｳ,46,491
464929,鹿児島県,肝付町,ｶｺﾞｼﾏｹﾝ,ｷﾓﾂｷﾁｮｳ,46,492
465011,鹿児島県,中種子町,ｶｺﾞｼﾏｹﾝ,ﾅｶﾀﾈﾁｮｳ,46,501
465020,鹿児島県,南種子町,ｶｺﾞｼﾏｹﾝ,ﾐﾅﾐﾀﾈﾁｮｳ,46,502
465054,鹿児島県,屋久島町,ｶｺﾞｼﾏｹﾝ,ﾔｸｼﾏﾁｮｳ,46,505
465232,鹿児島県,大和村,ｶｺﾞｼﾏｹﾝ,ﾔﾏﾄｿﾝ,46,523
465241,鹿児島県,宇検村,ｶｺﾞｼﾏｹﾝ,ｳｹﾝｿﾝ,46,524
465259,鹿児島県,瀬戸内町,ｶｺﾞｼﾏｹﾝ,ｾﾄｳﾁﾁｮｳ,46,525
465275,鹿児島県,龍郷町,ｶｺﾞｼﾏｹﾝ,ﾀﾂｺﾞｳﾁｮｳ,46,527
465291,鹿児島県,喜界町,ｶｺﾞｼﾏｹﾝ,ｷｶｲﾁｮｳ,46,529
465305,鹿児島県,徳之島町,ｶｺﾞｼﾏｹﾝ,ﾄｸﾉｼﾏﾁｮｳ,46,530
465313,鹿児島県,天城町,ｶｺﾞｼﾏｹﾝ,ｱﾏｷﾞﾁｮｳ,46,531
465321,鹿児島県,伊仙町,ｶｺﾞｼﾏｹﾝ,ｲｾﾝﾁｮｳ,46,532
465330,鹿児島県,和泊町,ｶｺﾞｼﾏｹﾝ,ﾜﾄﾞﾏﾘﾁｮｳ,46,533
465348,鹿児島県,知名町,ｶｺﾞｼﾏｹﾝ,ﾁﾅﾁｮｳ,46,534
465356,鹿児島県,与論町,ｶｺﾞｼﾏｹﾝ,ﾖﾛﾝﾁｮｳ,46,535
472018,沖縄県,那覇市,ｵｷﾅﾜｹﾝ,ﾅﾊｼ,47,201
472051,沖縄県,宜野湾市,ｵｷﾅﾜｹﾝ,ｷﾞﾉﾜﾝｼ,47,205
472077,沖縄県,石垣市,ｵｷﾅﾜｹﾝ,ｲｼｶﾞｷｼ,47,207
472085,沖縄県,浦添市,ｵｷﾅﾜｹﾝ,ｳﾗｿｴｼ,47,208
472093,沖縄県,名護市,ｵｷﾅﾜｹﾝ,ﾅｺﾞｼ,47,209
472107,沖縄県,糸満市,ｵｷﾅﾜｹﾝ,ｲﾄﾏﾝｼ,47,210
472115,沖縄県,沖縄市,ｵｷﾅﾜｹﾝ,ｵｷﾅﾜｼ,47,211
472123,沖縄県,豊見城市,ｵｷﾅﾜｹﾝ,ﾄﾐｸﾞｽｸｼ,47,212
472131,沖縄県,うるま市,ｵｷﾅﾜｹﾝ,ｳﾙﾏｼ,47,213
472140,沖縄県,宮古島市,ｵｷﾅﾜｹﾝ,ﾐﾔｺｼﾞﾏｼ,47,214
472158,沖縄県,南城市,ｵｷﾅﾜｹﾝ,ﾅﾝｼﾞｮｳｼ,47,215
473014,沖縄県,国頭村,ｵｷﾅﾜｹﾝ,ｸﾆｶﾞﾐｿﾝ,47,301
473022,沖縄県,大宜味村,ｵｷﾅﾜｹﾝ,ｵｵｷﾞﾐｿﾝ,47,302
473031,沖縄県,東村,ｵｷﾅﾜｹﾝ,ﾋｶﾞｼｿﾝ,47,303
473065,沖縄県,今帰仁村,ｵｷﾅﾜｹﾝ,ﾅｷｼﾞﾝｿﾝ,47,306
473081,沖縄県,本部町,ｵｷﾅﾜｹﾝ,ﾓﾄﾌﾞﾁｮｳ,47,308
473111,沖縄県,恩納村,ｵｷﾅﾜｹﾝ,ｵﾝﾅｿﾝ,47,311
473138,沖縄県,宜野座村,ｵｷﾅﾜｹﾝ,ｷﾞﾉｻﾞｿﾝ,47,313
473146,沖縄県,金武町,ｵｷﾅﾜｹﾝ,ｷﾝﾁｮｳ,47,314
473154,沖縄県,伊江村,ｵｷﾅﾜｹﾝ,ｲｴｿﾝ,47,315
473243,沖縄県,読谷村,ｵｷﾅﾜｹﾝ,ﾖﾐﾀﾝｿﾝ,47,324
473251,沖縄県,嘉手納町,ｵｷﾅﾜｹﾝ,ｶﾃﾞﾅﾁｮｳ,47,325
473260,沖縄県,北谷町,ｵｷﾅﾜｹﾝ,ﾁﾔﾀﾝﾁｮｳ,47,326
473278,沖縄県,北中城村,ｵｷﾅﾜｹﾝ,ｷﾀﾅｶｸﾞｽｸｿﾝ,47,327
473286,沖縄県,中城村,ｵｷﾅﾜｹﾝ,ﾅｶｸﾞｽｸｿﾝ,47,328
473294,沖縄県,西原町,ｵｷﾅﾜｹﾝ,ﾆｼﾊﾗﾁｮｳ,47,329
473481,沖縄県,与那原町,ｵｷﾅﾜｹﾝ,ﾖﾅﾊﾞﾙﾁｮｳ,47,348
473502,沖縄県,南風原町,ｵｷﾅﾜｹﾝ,ﾊｴﾊﾞﾙﾁｮｳ,47,350
473537,沖縄県,渡嘉敷村,ｵｷﾅﾜｹﾝ,ﾄｶｼｷｿﾝ,47,353
473545,沖縄県,座間味村,ｵｷﾅﾜｹﾝ,ｻﾞﾏﾐｿﾝ,47,354
473553,沖縄県,粟国村,ｵｷﾅﾜｹﾝ,ｱｸﾞﾆｿﾝ,47,355
473561,沖縄県,渡名喜村,ｵｷﾅﾜｹﾝ,ﾄﾅｷｿﾝ,47,356
473570,沖縄県,南大東村,ｵｷﾅﾜｹﾝ,ﾐﾅﾐﾀﾞｲﾄｳｿﾝ,47,357
473588,沖縄県,北大東村,ｵｷﾅﾜｹﾝ,ｷﾀﾀﾞｲﾄｳｿﾝ,47,358
473596,沖縄県,伊平屋村,ｵｷﾅﾜｹﾝ,ｲﾍﾔｿﾝ,47,359
473600,沖縄県,伊是名村,ｵｷﾅﾜｹﾝ,ｲｾﾞﾅｿﾝ,47,360
473618,沖縄県,久米島町,ｵｷﾅﾜｹﾝ,ｸﾒｼﾞﾏﾁｮｳ,47,361
473626,沖縄県,八重瀬町,ｵｷﾅﾜｹﾝ,ﾔｴｾﾁｮｳ,47,362
473758,沖縄県,多良間村,ｵｷﾅﾜｹﾝ,ﾀﾗﾏｿﾝ,47,375
473812,沖縄県,竹富町,ｵｷﾅﾜｹﾝ,ﾀｹﾄﾐﾁｮｳ,47,381
473821,沖縄県,与那国町,ｵｷﾅﾜｹﾝ,ﾖﾅｸﾞﾆﾁｮｳ,47,382
